id,first_name,last_name,birth_date,gender,e_mail,address
1,Ellynn,Shephard,1998-04-14T08:43:52Z,F,eshephard0@scientificamerican.com,70 Declaration Way
2,Chelsae,Garvill,1984-03-21T08:07:22Z,F,cgarvill1@google.com.hk,290 Montana Street
3,Karoly,Altoft,1999-06-20T02:01:37Z,F,kaltoft2@etsy.com,53 Dunning Drive
4,Ellerey,Prantoni,1997-11-05T07:56:47Z,M,eprantoni3@rediff.com,55 Northland Road
5,Bridgette,Bradbrook,1996-02-20T20:46:23Z,F,bbradbrook4@thetimes.co.uk,0 Sugar Road
6,Cyrus,Figliovanni,1992-11-24T00:07:28Z,M,cfigliovanni5@china.com.cn,04494 Jenifer Crossing
7,Demetris,Spry,1989-08-14T10:11:04Z,M,dspry6@home.pl,30 Cambridge Drive
8,Arabele,Nicklinson,1990-03-28T16:29:57Z,F,anicklinson7@slideshare.net,58 Macpherson Way
9,Jase,Clemenza,1998-04-25T08:00:03Z,M,jclemenza8@blogtalkradio.com,71511 Corscot Place
10,Godwin,Joburn,1999-11-13T22:45:17Z,M,gjoburn9@booking.com,3368 Petterle Park
11,Elvira,Swadling,1997-04-29T02:12:05Z,F,eswadlinga@hc360.com,39786 Continental Hill
12,Kimble,Neilly,1985-02-09T05:41:43Z,M,kneillyb@archive.org,48654 Fremont Junction
13,Vergil,Tobias,1990-06-18T23:48:20Z,M,vtobiasc@usa.gov,0 Bartelt Place
14,Sara-ann,Casillas,1996-12-13T21:13:32Z,F,scasillasd@joomla.org,4609 Sage Plaza
15,Danya,Furse,1997-05-03T20:16:17Z,M,dfursee@mozilla.com,12275 Hooker Way
16,Nicky,Pickin,1983-03-08T02:25:05Z,M,npickinf@parallels.com,2 Atwood Alley
17,Kim,Viel,1982-02-18T20:36:24Z,M,kvielg@gizmodo.com,24553 Forest Terrace
18,Alphonso,Rekes,1996-08-07T05:06:07Z,M,arekesh@ameblo.jp,3 Knutson Point
19,Keefer,Marzelli,1993-12-15T08:11:52Z,M,kmarzellii@sciencedirect.com,43788 Amoth Crossing
20,Chariot,Wigg,1994-02-08T12:19:30Z,M,cwiggj@baidu.com,31 American Ash Plaza
21,Gawen,Brosh,1981-01-01T09:14:03Z,M,gbroshk@blogger.com,51370 Morrow Junction
22,Erl,Dyerson,1991-01-18T05:35:35Z,M,edyersonl@cbslocal.com,27422 Onsgard Avenue
23,Catarina,Blanchflower,1998-12-09T22:33:30Z,F,cblanchflowerm@histats.com,9 Aberg Street
24,Lolly,Crookston,2000-01-22T03:18:59Z,F,lcrookstonn@moonfruit.com,865 Holmberg Point
25,Northrup,Brickett,1986-06-27T10:30:47Z,M,nbricketto@discovery.com,01 Melody Lane
26,Patrice,Helin,1999-01-02T23:57:05Z,M,phelinp@furl.net,1 Vahlen Park
27,Sim,Ales0,1986-09-23T00:50:48Z,M,salesq@pinterest.com,59222 Susan Street
28,Marci,Normanville,1991-05-20T03:00:30Z,F,mnormanviller@diigo.com,8267 Huxley Hill
29,Fredek,Goadsby,1981-06-09T05:29:20Z,M,fgoadsbys@simplemachines.org,9 Coleman Alley
30,Sisely,Brotherick,1990-09-13T23:39:42Z,F,sbrotherickt@eventbrite.com,2125 Haas Avenue
31,Myrtia,Dunnaway,1991-06-06T22:40:10Z,F,mdunnawayu@bravesites.com,39038 Bellgrove Drive
32,Herman,Paulton,1988-11-26T21:26:41Z,M,hpaultonv@zimbio.com,9729 Dorton Trail
33,Joseito,Stronghill,1999-05-14T00:52:26Z,M,jstronghillw@infoseek.co.jp,2365 Walton Road
34,Holly,O'Hederscoll,1990-02-28T20:34:40Z,M,hohederscollx@bloglines.com,99783 Stang Circle
35,Cesar,Josselson,1990-04-22T06:06:37Z,M,cjosselsony@tmall.com,1604 Coleman Court
36,Chilton,Martinon,1984-05-24T06:31:06Z,M,cmartinonz@amazon.co.jp,5191 Bonner Terrace
37,Sherman,MacNeil,1984-09-11T01:29:11Z,M,smacneil10@cloudflare.com,43178 Milwaukee Point
38,Lynda,McCuffie,1988-01-24T02:12:56Z,F,lmccuffie11@mapquest.com,039 Prairieview Terrace
39,Giordano,Renfield,1982-06-06T11:17:49Z,M,grenfield12@walmart.com,59787 Roxbury Hill
40,Pier,Lyness,1999-09-22T03:07:30Z,F,plyness13@mtv.com,07 Saint Paul Place
41,Salaidh,Egell,1985-01-23T16:31:27Z,F,segell14@amazon.co.jp,4 Schlimgen Drive
42,Eden,Davson,1987-08-25T18:21:45Z,F,edavson15@ameblo.jp,82 Gateway Place
43,Bridgette,Phibb,1987-04-25T12:10:26Z,F,bphibb16@behance.net,81 Talisman Way
44,Llywellyn,Farfoot,1981-07-22T10:54:05Z,M,lfarfoot17@bluehost.com,67 Tony Pass
45,Louie,Pincott,1985-06-30T03:38:48Z,M,lpincott18@twitpic.com,93 Sutherland Drive
46,Kirby,Blazey,1995-01-24T06:20:44Z,M,kblazey19@ocn.ne.jp,9 Scoville Pass
47,Graham,Roughan,1983-05-16T14:07:38Z,M,groughan1a@homestead.com,2 Spohn Street
48,Callie,Vockings,1995-09-30T05:10:13Z,F,cvockings1b@booking.com,4 Northport Park
49,Chadd,Haggerwood,1994-12-07T00:09:28Z,M,chaggerwood1c@hubpages.com,6 Talmadge Pass
50,Audrie,Brazer,1991-10-01T09:51:43Z,F,abrazer1d@amazon.co.uk,07892 Mccormick Crossing
51,Ami,Beek,1985-03-05T09:23:04Z,F,abeek1e@adobe.com,19 Elmside Way
52,Hinze,Kingsford,1995-05-11T04:46:51Z,M,hkingsford1f@cdc.gov,968 Transport Point
53,Margret,Iglesia,1999-01-26T03:21:41Z,F,miglesia1g@indiegogo.com,1 Summit Street
54,Pierce,Studman,1992-06-20T23:25:52Z,M,pstudman1h@techcrunch.com,543 Shoshone Crossing
55,Gael,Habbal,1992-11-19T06:20:54Z,M,ghabbal1i@nbcnews.com,46901 Randy Place
56,Tybi,Morritt,2000-11-03T06:11:20Z,F,tmorritt1j@reference.com,56267 Lawn Pass
57,Ketti,Reely,1996-07-30T20:37:14Z,F,kreely1k@ask.com,22 Mockingbird Road
58,Pauline,Skeemer,1992-09-04T18:14:06Z,F,pskeemer1l@studiopress.com,45 Ramsey Pass
59,Germana,Echallier,1990-02-21T05:09:35Z,F,gechallier1m@gizmodo.com,5905 Hoard Drive
60,Clem,Mattessen,1987-09-05T21:28:12Z,M,cmattessen1n@wordpress.org,4 Sachtjen Parkway
61,Morna,Andrioli,1998-01-16T13:32:17Z,F,mandrioli1o@drupal.org,401 West Circle
62,Sascha,Elwin,1985-07-30T00:46:59Z,F,selwin1p@photobucket.com,63 Pond Road
63,Berny,Simmgen,1994-10-07T23:25:56Z,F,bsimmgen1q@dagondesign.com,2729 Superior Alley
64,Pepita,Benwell,1989-11-22T02:29:16Z,F,pbenwell1r@wiley.com,86949 Myrtle Trail
65,Ced,Reignolds,1982-03-27T21:39:09Z,M,creignolds1s@harvard.edu,24 Hollow Ridge Road
66,Caesar,Mulcock,1991-05-08T02:22:02Z,M,cmulcock1t@statcounter.com,686 Basil Court
67,Artemas,Guilloton,1987-09-28T03:25:57Z,M,aguilloton1u@paypal.com,33934 Hanover Avenue
68,Quinn,Faers,1982-12-22T17:38:07Z,M,qfaers1v@homestead.com,3 Columbus Lane
69,Tamas,Canario,1991-08-13T06:16:28Z,M,tcanario1w@github.io,06 Hollow Ridge Parkway
70,Moshe,Egalton,1996-01-02T16:14:42Z,M,megalton1x@yahoo.co.jp,7 Hooker Park
71,Shepperd,Hauch,2000-11-06T11:37:57Z,M,shauch1y@i2i.jp,48451 Holmberg Pass
72,Ettore,Ledrun,1999-11-01T08:37:18Z,M,eledrun1z@harvard.edu,02 Forster Lane
73,Harmonia,Saynor,1995-02-18T17:34:27Z,F,hsaynor20@tmall.com,26031 Atwood Plaza
74,Terrijo,Spon,1986-12-02T13:03:20Z,F,tspon21@deliciousdays.com,3446 Express Parkway
75,Renado,Keene,1992-10-25T02:43:02Z,M,rkeene22@instagram.com,000 Center Alley
76,Eldridge,Blaxton,2000-01-18T22:34:10Z,M,eblaxton23@cocolog-nifty.com,23999 Buena Vista Avenue
77,Craggy,Cuberley,1993-12-24T17:31:10Z,M,ccuberley24@washington.edu,86 Graceland Road
78,Trude,Keijser,1991-04-30T22:49:52Z,F,tkeijser25@earthlink.net,33505 Michigan Drive
79,Everett,Wheaton,1996-02-24T22:52:18Z,M,ewheaton26@dropbox.com,0 Elmside Junction
80,Bev,Tofano,2000-10-15T16:20:06Z,M,btofano27@toplist.cz,8429 Farwell Alley
81,Eduino,Keohane,1994-12-29T17:55:10Z,M,ekeohane28@redcross.org,035 Dawn Road
82,Nolly,McSperron,1982-03-21T04:29:33Z,M,nmcsperron29@economist.com,931 Sauthoff Terrace
83,Costanza,Oley,1995-06-17T12:32:57Z,F,coley2a@dion.ne.jp,09 5th Avenue
84,Cheston,Robinson,1988-05-21T02:08:01Z,M,crobinson2b@dropbox.com,3 Myrtle Way
85,Maible,Comfort,1985-01-13T09:42:02Z,F,mcomfort2c@zimbio.com,2 Warrior Way
86,Avram,Torregiani,1982-11-22T08:54:19Z,M,atorregiani2d@shinystat.com,00 Leroy Center
87,Stanford,Cuckoo,1984-03-31T14:48:35Z,M,scuckoo2e@vistaprint.com,36408 Homewood Avenue
88,Daryle,Tomlin,1989-06-29T04:44:24Z,M,dtomlin2f@fc2.com,86 Randy Place
89,Marcel,Chadband,1999-07-04T12:10:33Z,M,mchadband2g@auda.org.au,55 Weeping Birch Crossing
90,Wilmette,Levitt,1983-03-16T08:00:05Z,F,wlevitt2h@oaic.gov.au,4 Clemons Alley
91,Caralie,Alecock,1982-08-24T12:38:06Z,F,calecock2i@goo.gl,7 Buell Junction
92,Tabbie,Arnowicz,1985-10-27T01:08:52Z,M,tarnowicz2j@parallels.com,8 Redwing Point
93,Bernice,Dubs,1994-03-05T15:53:21Z,F,bdubs2k@nasa.gov,0346 Dayton Pass
94,Jaclyn,Dipple,1997-01-05T07:28:41Z,F,jdipple2l@acquirethisname.com,492 Spohn Plaza
95,Claiborn,Koles,1989-09-11T09:42:44Z,M,ckoles2m@clickbank.net,8 Porter Park
96,Ric,Nunn,1994-06-24T10:42:36Z,M,rnunn2n@chronoengine.com,36 Tennyson Hill
97,Flossy,Michal,1986-07-23T19:39:22Z,F,fmichal2o@typepad.com,0 Ludington Terrace
98,Roanne,Aland,1990-04-03T15:52:22Z,F,raland2p@gravatar.com,63166 Daystar Terrace
99,Adelind,Glaze,1993-11-10T02:25:04Z,F,aglaze2q@jalbum.net,38 Service Lane
100,Wye,Scneider,1993-06-20T11:25:29Z,M,wscneider2r@surveymonkey.com,188 Veith Pass
101,Raffarty,Krikorian,2000-09-09T05:23:06Z,M,rkrikorian2s@yale.edu,1636 Scoville Terrace
102,Ade,Drowsfield,1991-11-15T19:56:02Z,M,adrowsfield2t@noaa.gov,980 Bluestem Park
103,Witty,Bartkowiak,1990-08-19T23:40:22Z,M,wbartkowiak2u@sogou.com,5138 Buena Vista Crossing
104,Tersina,Cordie,1995-03-20T01:59:22Z,F,tcordie2v@wikispaces.com,31 Longview Lane
105,Tracey,Duffield,1994-12-18T01:38:12Z,M,tduffield2w@admin.ch,4 Valley Edge Lane
106,Conrad,Sabati,1997-01-31T18:46:53Z,M,csabati2x@cargocollective.com,9747 Crownhardt Circle
107,Galvan,Lorryman,1995-02-02T21:03:14Z,M,glorryman2y@de.vu,45 Sauthoff Center
108,Merwin,Castello,1984-06-29T00:35:13Z,M,mcastello2z@meetup.com,65 Orin Junction
109,Dorry,Lewsey,1981-02-21T03:50:02Z,F,dlewsey30@yale.edu,57 New Castle Court
110,Nellie,Seary,1983-09-06T03:58:29Z,F,nseary31@examiner.com,1642 Ridgeway Street
111,Christophorus,Grimwad,1999-01-04T22:39:30Z,M,cgrimwad32@4shared.com,80193 Homewood Place
112,Lionello,MacDunleavy,1983-10-30T09:42:58Z,M,lmacdunleavy33@alexa.com,767 Trailsway Place
113,Candi,Dobble,1998-01-14T21:25:06Z,F,cdobble34@apache.org,5907 Knutson Alley
114,Martita,Jacobsen,2000-02-26T04:42:55Z,F,mjacobsen35@ucla.edu,9 Rigney Center
115,Luca,Weekland,1989-09-18T15:35:14Z,M,lweekland36@instagram.com,6 Namekagon Junction
116,Lyle,Stener,1985-06-13T21:08:49Z,M,lstener37@printfriendly.com,7177 Messerschmidt Hill
117,Marijn,Howsley,1984-04-16T19:37:23Z,M,mhowsley38@theatlantic.com,10 Reinke Crossing
118,Arlette,Feldharker,1999-12-30T16:33:25Z,F,afeldharker39@biblegateway.com,291 Forest Run Road
119,Taddeusz,Giamelli,1983-10-07T10:05:10Z,M,tgiamelli3a@digg.com,7431 Miller Drive
120,Felice,McKinstry,1989-09-10T08:09:03Z,M,fmckinstry3b@ameblo.jp,1 Northfield Junction
121,Thorsten,Walczak,1990-12-18T12:00:23Z,M,twalczak3c@toplist.cz,0283 Southridge Crossing
122,Jehanna,Bromet,1990-11-10T17:25:52Z,F,jbromet3d@blogs.com,5 Darwin Hill
123,Hillary,Bibby,1998-06-24T09:01:50Z,M,hbibby3e@geocities.jp,04 Mandrake Road
124,Kaylyn,O'Loinn,1985-11-16T12:24:00Z,F,koloinn3f@hexun.com,30869 Kinsman Court
125,Owen,Gauler,1991-09-18T17:30:39Z,M,ogauler3g@telegraph.co.uk,04032 Messerschmidt Terrace
126,Fernando,Waind,1999-03-11T11:39:15Z,M,fwaind3h@bbb.org,1 Sherman Place
127,Timmi,Dunbleton,1983-11-14T15:33:31Z,F,tdunbleton3i@forbes.com,82 Hanson Center
128,Sibylle,Witherden,1997-01-03T21:39:11Z,F,switherden3j@mashable.com,44 Maple Park
129,Codie,Chestnut,1996-01-31T08:38:55Z,M,cchestnut3k@weebly.com,26067 Monument Avenue
130,Alie,Arundell,1982-05-03T22:54:44Z,F,aarundell3l@bbb.org,83 Nevada Plaza
131,Tootsie,Eytel,1982-04-08T21:13:53Z,F,teytel3m@elpais.com,29913 Marquette Alley
132,Elinore,Aitkenhead,1989-02-22T02:48:09Z,F,eaitkenhead3n@uiuc.edu,372 Haas Parkway
133,Correy,Gillebert,1992-04-14T15:29:03Z,M,cgillebert3o@sciencedirect.com,18849 Butternut Place
134,Isiahi,Zieme,1996-08-24T10:14:17Z,M,izieme3p@jimdo.com,9234 Morning Place
135,Cirilo,Sommerled,1989-10-10T09:24:39Z,M,csommerled3q@indiatimes.com,6929 Northland Avenue
136,Audry,Corah,1994-08-17T17:52:39Z,F,acorah3r@tamu.edu,8121 Continental Junction
137,Arni,Remmers,1982-11-25T04:58:22Z,M,aremmers3s@google.es,891 Gina Hill
138,Nathan,Esherwood,2000-09-01T14:32:24Z,M,nesherwood3t@boston.com,13652 Basil Plaza
139,Kitti,Huntington,1995-09-27T15:12:21Z,F,khuntington3u@blogtalkradio.com,9212 Killdeer Park
140,Josephine,McGinlay,1986-08-07T13:27:34Z,F,jmcginlay3v@nature.com,3 Gale Parkway
141,Lloyd,De Mitri,1985-10-09T20:48:38Z,M,ldemitri3w@spotify.com,7 Graceland Pass
142,Adorne,Avrahamov,1991-11-21T03:48:48Z,F,aavrahamov3x@macromedia.com,1 Nova Hill
143,Madison,Madge,1986-05-02T03:50:37Z,M,mmadge3y@walmart.com,127 Bartelt Circle
144,Harold,Avrahamy,1996-01-29T21:35:37Z,M,havrahamy3z@huffingtonpost.com,3 Dawn Hill
145,Allene,Shynn,1992-12-06T07:41:40Z,F,ashynn40@dagondesign.com,1 Carberry Center
146,Analise,Triner,1995-10-13T03:26:04Z,F,atriner41@slideshare.net,72 Spohn Terrace
147,Jamaal,Digan,1992-09-09T09:45:59Z,M,jdigan42@list-manage.com,890 Northwestern Alley
148,Dory,Bowhey,1997-05-22T19:18:00Z,M,dbowhey43@woothemes.com,43 Carberry Plaza
149,Silvan,Vennart,1999-05-23T21:04:52Z,M,svennart44@hc360.com,2363 Dennis Circle
150,Ainslee,Dillamore,1990-03-10T23:56:15Z,F,adillamore45@de.vu,50 Hovde Drive
151,Westbrook,Austwick,1997-10-08T10:57:51Z,M,waustwick46@123-reg.co.uk,1 Warner Point
152,Kaspar,Janeway,1982-03-16T08:51:38Z,M,kjaneway47@arstechnica.com,144 Carioca Terrace
153,Ara,Heis,1995-05-08T19:01:21Z,F,aheis48@fastcompany.com,3 Menomonie Circle
154,Colene,Stothert,1989-07-20T15:59:21Z,F,cstothert49@baidu.com,21790 Utah Lane
155,Petey,Grunwald,1998-11-30T22:05:55Z,M,pgrunwald4a@weebly.com,202 Grover Point
156,Erroll,Nowlan,2000-07-31T21:19:02Z,M,enowlan4b@walmart.com,07944 Dovetail Avenue
157,Elfreda,Stonhewer,1989-08-17T21:27:14Z,F,estonhewer4c@cbslocal.com,094 Heffernan Pass
158,Ladonna,Avis,1987-09-27T14:00:30Z,F,lavis4d@stanford.edu,64776 Crowley Place
159,Dotty,Waterstone,1981-03-02T18:21:37Z,F,dwaterstone4e@google.it,69671 Lakewood Gardens Terrace
160,Marilin,Beefon,1992-04-08T04:32:39Z,F,mbeefon4f@who.int,704 Fuller Road
161,Reinald,Greatrakes,1982-11-21T23:20:03Z,M,rgreatrakes4g@addthis.com,13 Mifflin Point
162,Lolita,Agett,1999-06-21T16:02:30Z,F,lagett4h@furl.net,58 Vermont Drive
163,Roi,Antonoczyk,1991-10-14T02:09:19Z,M,rantonoczyk4i@newsvine.com,3774 Chive Plaza
164,Blinny,Kirkman,1995-10-26T05:47:29Z,F,bkirkman4j@va.gov,814 Larry Drive
165,Gerri,Vockins,1986-03-30T05:52:30Z,F,gvockins4k@house.gov,66 Paget Alley
166,Suzy,Dumbare,1995-02-24T17:09:47Z,F,sdumbare4l@diigo.com,411 Marquette Lane
167,Casey,Lidgey,1991-11-28T19:02:03Z,M,clidgey4m@i2i.jp,35828 Pierstorff Center
168,Delbert,Paull,1993-08-01T00:12:54Z,M,dpaull4n@icq.com,28520 Cottonwood Plaza
169,Filide,Fibbens,1987-08-18T19:31:45Z,F,ffibbens4o@networksolutions.com,9242 Petterle Hill
170,Bradly,Domenico,1996-02-29T00:37:04Z,M,bdomenico4p@prlog.org,89853 Myrtle Drive
171,Jinny,Collomosse,1986-01-08T04:56:05Z,F,jcollomosse4q@scribd.com,6 Main Way
172,Constancia,Ormesher,1994-04-20T18:25:33Z,F,cormesher4r@smugmug.com,1805 Dixon Pass
173,Bronny,Schurig,1990-07-16T23:39:03Z,M,bschurig4s@wp.com,7 Village Way
174,Janaye,MacGiffin,1984-03-13T05:51:42Z,F,jmacgiffin4t@un.org,10496 Lyons Lane
175,Elyssa,Curphey,1984-02-09T12:16:52Z,F,ecurphey4u@home.pl,1 Oak Avenue
176,Amelia,Sesser,1985-10-24T07:23:58Z,F,asesser4v@moonfruit.com,32 Bowman Avenue
177,Johnny,Finley,1993-12-21T15:40:02Z,M,jfinley4w@example.com,1 Cambridge Street
178,Adolphus,Pickton,1990-08-09T21:20:37Z,M,apickton4x@hud.gov,57 Pleasure Drive
179,Michaella,Copp,1986-09-19T09:30:16Z,F,mcopp4y@tumblr.com,95 Mayfield Way
180,Windham,Renhard,1986-06-08T21:14:15Z,M,wrenhard4z@themeforest.net,56885 Scoville Point
181,Carlita,Hebditch,1993-06-04T01:26:38Z,F,chebditch50@blog.com,9313 Spenser Court
182,Melitta,Brambill,1991-02-09T12:32:17Z,F,mbrambill51@ox.ac.uk,4 Melody Terrace
183,Bernie,Kilius,1992-05-17T03:05:21Z,M,bkilius52@phpbb.com,82473 Pine View Plaza
184,Cassondra,Briskey,1997-05-31T11:33:45Z,F,cbriskey53@aboutads.info,075 Sachs Lane
185,Brinn,Strotton,1986-06-25T07:21:47Z,F,bstrotton54@pagesperso-orange.fr,794 Ruskin Terrace
186,Peggy,Khoter,2000-09-05T20:01:11Z,F,pkhoter55@jiathis.com,0376 Hanson Junction
187,Roi,Cradey,1988-03-12T22:35:22Z,M,rcradey56@rakuten.co.jp,39 Dapin Parkway
188,Johnna,Kilmartin,1986-06-12T07:42:12Z,F,jkilmartin57@imdb.com,654 Monica Way
189,Virge,Groome,1987-11-07T00:15:45Z,M,vgroome58@trellian.com,680 Dwight Pass
190,Ardis,Lescop,1994-03-21T08:32:26Z,F,alescop59@nytimes.com,46283 Veith Street
191,Huntington,Gowers,2000-11-02T02:05:24Z,M,hgowers5a@bravesites.com,5 Huxley Hill
192,Matti,Caulton,2000-07-18T07:43:38Z,F,mcaulton5b@jimdo.com,0449 Morrow Drive
193,Pammi,Fensome,1985-04-23T15:49:10Z,F,pfensome5c@biglobe.ne.jp,6 Reinke Center
194,Kenna,Ort,1985-09-29T09:47:09Z,F,kort5d@1und1.de,5 Russell Lane
195,Georgeta,Starton,1995-08-11T16:48:28Z,F,gstarton5e@twitter.com,220 Hudson Avenue
196,Kingsley,Colcutt,1986-01-25T15:48:13Z,M,kcolcutt5f@sun.com,162 Forest Terrace
197,Boris,Chaffin,1990-02-14T17:11:56Z,M,bchaffin5g@state.gov,76 Surrey Avenue
198,Nertie,Impett,1999-05-21T19:45:01Z,F,nimpett5h@skyrock.com,621 Maywood Terrace
199,Tailor,Anscombe,1989-06-22T00:04:29Z,M,tanscombe5i@about.com,2229 Towne Terrace
200,Alikee,McCardle,1988-03-16T23:06:12Z,F,amccardle5j@squarespace.com,800 Novick Trail
201,Aldric,Handy,1981-10-06T16:51:06Z,M,ahandy5k@quantcast.com,61 Pepper Wood Junction
202,D'arcy,Milne,1981-12-18T18:22:50Z,M,dmilne5l@g.co,1 Graceland Trail
203,Niko,Mordanti,1995-09-19T03:55:22Z,M,nmordanti5m@vkontakte.ru,2 Reinke Avenue
204,Tiffy,Haster,1992-11-06T08:43:58Z,F,thaster5n@plala.or.jp,473 Harper Terrace
205,Sabina,Leyfield,1982-11-25T14:17:42Z,F,sleyfield5o@adobe.com,3 Moulton Park
206,Livvyy,Rogerot,1995-07-27T11:04:02Z,F,lrogerot5p@independent.co.uk,90 Dennis Road
207,Iggie,Crutch,1999-10-02T12:23:38Z,M,icrutch5q@cornell.edu,8778 Sunfield Crossing
208,Haskell,Hutley,1996-08-01T19:58:16Z,M,hhutley5r@nba.com,82684 Mccormick Terrace
209,Sloane,Aylett,1983-09-11T20:26:45Z,M,saylett5s@godaddy.com,0 Judy Circle
210,Mead,Greville,1990-03-02T02:35:22Z,M,mgreville5t@unesco.org,699 Boyd Alley
211,Marna,Mulleary,1983-09-14T21:20:26Z,F,mmulleary5u@mapquest.com,10286 Donald Way
212,Godiva,Twort,1984-06-12T13:15:21Z,F,gtwort5v@vinaora.com,8314 Grayhawk Junction
213,Phylys,Kenway,1990-06-03T16:19:43Z,F,pkenway5w@bizjournals.com,4 Dennis Junction
214,Lamond,Muncey,1995-08-14T19:15:34Z,M,lmuncey5x@wikia.com,383 Kedzie Center
215,Jerry,Sibley,1989-12-18T02:28:59Z,F,jsibley5y@cargocollective.com,50 Vera Pass
216,Emma,Bunford,1995-07-09T21:34:25Z,F,ebunford5z@go.com,1481 Northwestern Center
217,Vassili,Kimbrey,1985-03-19T19:33:53Z,M,vkimbrey60@addthis.com,66 Hagan Road
218,Katinka,Perrins,1983-09-24T21:47:06Z,F,kperrins61@europa.eu,6100 Messerschmidt Road
219,Verge,Beades,1999-07-04T13:52:14Z,M,vbeades62@nyu.edu,40 Lake View Place
220,Levin,Bentall,1987-12-22T11:00:22Z,M,lbentall63@lulu.com,5 Dawn Crossing
221,Brook,Lusted,1995-04-29T19:49:43Z,M,blusted64@blogs.com,1 Eastwood Road
222,Cheri,Rabat,1980-11-10T13:06:15Z,F,crabat65@unicef.org,85504 Logan Hill
223,Juliane,Warrack,1992-11-18T12:38:52Z,F,jwarrack66@slate.com,88063 Northport Road
224,Erhard,Alven,2000-05-26T20:16:37Z,M,ealven67@linkedin.com,040 Lyons Pass
225,Bayard,Bram,1996-12-28T06:07:11Z,M,bbram68@samsung.com,278 Marquette Terrace
226,Peta,Penelli,1987-03-08T13:01:04Z,F,ppenelli69@apple.com,7832 2nd Lane
227,Aymer,Ondrusek,1998-07-21T18:59:04Z,M,aondrusek6a@cisco.com,98091 Almo Point
228,Jayme,Flag,1996-03-09T05:07:36Z,M,jflag6b@amazon.co.jp,3940 Westridge Hill
229,Jobina,Osbaldeston,1985-11-22T21:00:13Z,F,josbaldeston6c@rakuten.co.jp,304 Reindahl Junction
230,Helli,Farrance,1983-01-04T19:15:11Z,F,hfarrance6d@smugmug.com,603 Cody Way
231,Cathie,How to preserve,1987-09-30T17:20:32Z,F,chowtopreserve6e@clickbank.net,2326 Independence Pass
232,Dudley,Phillis,1992-12-09T07:46:44Z,M,dphillis6f@washingtonpost.com,951 Golden Leaf Drive
233,Bari,Whaplington,1998-11-28T04:25:51Z,F,bwhaplington6g@trellian.com,74849 Forest Run Lane
234,Juline,Cubley,1993-08-05T21:52:33Z,F,jcubley6h@redcross.org,41426 Hoepker Court
235,Xavier,Utterson,1996-06-08T12:54:58Z,M,xutterson6i@usatoday.com,38 Evergreen Place
236,Anette,Popple,1996-05-24T19:47:54Z,F,apopple6j@nature.com,58144 Paget Street
237,Fitz,Clothier,1995-02-15T08:26:30Z,M,fclothier6k@theatlantic.com,4909 Stone Corner Alley
238,Reece,Mendonca,1985-03-19T14:53:42Z,M,rmendonca6l@mysql.com,6 Fallview Circle
239,Emelda,Antognoni,1983-04-04T08:23:57Z,F,eantognoni6m@discovery.com,9 Raven Junction
240,Kellby,Millins,1981-09-21T19:19:14Z,M,kmillins6n@icio.us,48 Troy Parkway
241,Geordie,Hurne,1990-03-31T14:21:46Z,M,ghurne6o@pinterest.com,58 Anderson Point
242,Ephrayim,Maddrell,1994-06-10T14:12:09Z,M,emaddrell6p@nsw.gov.au,90529 Kings Park
243,Drugi,Clench,1994-01-01T03:13:54Z,M,dclench6q@biblegateway.com,49 Arapahoe Road
244,Becca,Dodman,1984-11-04T11:57:46Z,F,bdodman6r@google.it,304 Shasta Crossing
245,Elfrida,Strachan,1999-05-27T21:20:27Z,F,estrachan6s@sphinn.com,1 Calypso Point
246,Jodi,Vatini,2000-06-08T09:57:20Z,F,jvatini6t@rakuten.co.jp,23 Dryden Lane
247,Granger,Frostick,1988-06-20T05:53:14Z,M,gfrostick6u@yellowbook.com,387 Springs Circle
248,Joana,Clitheroe,1984-10-31T09:21:48Z,F,jclitheroe6v@acquirethisname.com,11741 Dryden Trail
249,Sebastiano,Jime,1992-02-12T04:42:44Z,M,sjime6w@soup.io,51 Erie Circle
250,Edlin,McNaughton,1983-08-09T13:48:13Z,M,emcnaughton6x@nydailynews.com,18 John Wall Park
251,Glynnis,Shipton,1988-12-28T02:13:53Z,F,gshipton6y@wikimedia.org,857 Rowland Point
252,Jaimie,Dominik,1991-10-06T21:27:04Z,M,jdominik6z@ted.com,8426 Milwaukee Place
253,Sophey,Gaither,1986-01-14T05:18:10Z,F,sgaither70@unblog.fr,365 Marquette Avenue
254,Brunhilde,Revelle,1985-05-16T11:46:35Z,F,brevelle71@ed.gov,01783 Bellgrove Street
255,Wood,Spillett,1997-09-11T19:26:12Z,M,wspillett72@statcounter.com,6 Oak Valley Lane
256,Marlin,Ausello,1992-10-07T04:44:50Z,M,mausello73@goo.ne.jp,33 Westridge Avenue
257,Ebonee,Sprowson,1991-03-14T20:28:10Z,F,esprowson74@qq.com,1 Towne Hill
258,Jefferson,Vauter,1988-07-18T09:06:21Z,M,jvauter75@ox.ac.uk,976 Tennyson Lane
259,Calhoun,Colrein,1994-04-17T04:18:02Z,M,ccolrein76@qq.com,3586 Mcbride Point
260,Hayyim,Glasspoole,1991-03-30T18:12:52Z,M,hglasspoole77@columbia.edu,31812 Ruskin Place
261,Teressa,Brader,1994-03-19T01:25:40Z,F,tbrader78@vimeo.com,62 Carpenter Place
262,Huberto,Biddell,1988-07-21T23:49:16Z,M,hbiddell79@admin.ch,802 Golden Leaf Trail
263,Warde,Matysik,1988-05-14T06:39:45Z,M,wmatysik7a@netscape.com,26953 Sycamore Avenue
264,Bethina,Gorke,1996-05-19T19:23:23Z,F,bgorke7b@t-online.de,956 Fordem Way
265,Bertine,Ferrelli,1984-05-02T16:38:37Z,F,bferrelli7c@usatoday.com,54 Pine View Alley
266,Aubert,Bachellier,1985-08-27T13:52:08Z,M,abachellier7d@acquirethisname.com,42032 Kenwood Crossing
267,Ernie,Hulle,1992-08-22T11:32:04Z,M,ehulle7e@ameblo.jp,93 Jana Parkway
268,Reilly,Kinsey,1985-09-29T02:29:56Z,M,rkinsey7f@ifeng.com,73 Mcbride Avenue
269,Marlee,Drane,1981-08-14T11:17:52Z,F,mdrane7g@cornell.edu,05689 Rusk Park
270,Laura,Twelftree,1994-01-08T11:51:25Z,F,ltwelftree7h@vk.com,21 Bartelt Pass
271,Finlay,Leschelle,1986-12-10T10:28:24Z,M,fleschelle7i@feedburner.com,2749 Hoard Center
272,Amandy,Harpur,1985-08-24T02:52:50Z,F,aharpur7j@feedburner.com,82591 Drewry Way
273,Jerrie,MacGaughey,1994-06-11T23:05:00Z,F,jmacgaughey7k@trellian.com,8645 Grayhawk Pass
274,Gianina,Benezeit,1986-04-24T11:35:31Z,F,gbenezeit7l@wufoo.com,4510 Pennsylvania Alley
275,Berny,Gebuhr,1994-09-18T04:27:27Z,M,bgebuhr7m@wisc.edu,5042 Tony Way
276,Coral,Twitty,1990-01-28T02:46:01Z,F,ctwitty7n@facebook.com,5811 Mitchell Avenue
277,Kit,Minto,1996-06-25T00:22:21Z,F,kminto7o@army.mil,60031 Pankratz Junction
278,Euphemia,Blabber,1997-02-19T07:01:44Z,F,eblabber7p@mit.edu,5050 Carpenter Avenue
279,Kendall,Potebury,1995-12-27T22:01:47Z,M,kpotebury7q@jigsy.com,782 Barnett Drive
280,Drusie,Peteri,1989-03-23T01:23:54Z,F,dpeteri7r@salon.com,70546 Sycamore Drive
281,Harland,Dongles,1999-09-01T18:55:13Z,M,hdongles7s@bbc.co.uk,995 Maywood Trail
282,Dorothea,Hempshall,1991-04-26T07:10:21Z,F,dhempshall7t@typepad.com,600 Surrey Junction
283,Toby,Manhood,2000-10-11T12:15:06Z,F,tmanhood7u@bigcartel.com,53433 Mallard Road
284,Justus,Salliss,1983-03-06T16:55:11Z,M,jsalliss7v@jimdo.com,12 Goodland Avenue
285,Filberte,Rollings,1994-08-26T14:54:34Z,M,frollings7w@telegraph.co.uk,28996 Redwing Point
286,Patti,Caulder,1988-06-23T11:49:35Z,F,pcaulder7x@ow.ly,71589 Red Cloud Drive
287,Sergei,Antalffy,1992-05-06T10:31:43Z,M,santalffy7y@bing.com,2118 Haas Alley
288,Fin,MacKaig,1992-03-20T18:31:29Z,M,fmackaig7z@odnoklassniki.ru,2 Melvin Road
289,Nerty,Cardis,2000-11-07T05:11:37Z,F,ncardis80@hugedomains.com,985 Ramsey Center
290,Felice,Corry,1993-08-16T22:41:46Z,M,fcorry81@illinois.edu,3985 Bartillon Avenue
291,Arlen,Belson,1986-02-28T06:56:03Z,M,abelson82@mozilla.com,59963 Lien Place
292,Ferne,Ysson,1982-09-16T17:18:01Z,F,fysson83@wikia.com,53 Ryan Road
293,Meggy,Lelievre,1998-01-28T00:47:14Z,F,mlelievre84@nps.gov,606 Anderson Pass
294,Hetti,Fynan,1987-03-01T23:21:25Z,F,hfynan85@tiny.cc,8 Nelson Way
295,Sianna,Downgate,1983-02-25T23:31:24Z,F,sdowngate86@google.co.jp,9444 Oakridge Pass
296,Mirella,Josefsohn,1993-11-13T13:12:37Z,F,mjosefsohn87@theglobeandmail.com,6546 Hollow Ridge Drive
297,Vera,Dymoke,1985-07-02T03:45:56Z,F,vdymoke88@theglobeandmail.com,0603 Portage Point
298,Peirce,Hewes,1988-04-15T04:54:03Z,M,phewes89@lulu.com,7695 Oriole Avenue
299,Ethyl,Glede,1981-01-26T18:54:53Z,F,eglede8a@themeforest.net,065 Rigney Point
300,Herve,Eller,1983-03-06T17:23:21Z,M,heller8b@storify.com,42 Vahlen Plaza
301,Marijn,Walcar,1985-01-14T07:29:40Z,M,mwalcar8c@diigo.com,5924 Northridge Junction
302,Dierdre,Shearston,1991-07-04T03:01:45Z,F,dshearston8d@nih.gov,23736 Autumn Leaf Point
303,Tory,Leathers,1986-09-30T08:14:59Z,F,tleathers8e@berkeley.edu,80 Graceland Terrace
304,Yuma,Bircher,1994-04-02T20:47:50Z,M,ybircher8f@soup.io,2176 Vernon Alley
305,Karlik,Barwis,1998-07-25T00:54:01Z,M,kbarwis8g@seattletimes.com,30071 Norway Maple Crossing
306,Barbabas,Mcall,1995-10-16T11:24:17Z,M,bmcall8h@sourceforge.net,73734 Mcguire Drive
307,Brok,Ladds,1983-11-08T11:43:29Z,M,bladds8i@eepurl.com,126 Butterfield Pass
308,Stevy,Ratray,1983-10-15T04:34:57Z,M,sratray8j@state.tx.us,80047 Mosinee Place
309,Hilario,Poyle,1990-10-09T18:19:36Z,M,hpoyle8k@newsvine.com,6885 2nd Lane
310,Harmony,Amps,1992-07-23T01:43:56Z,F,hamps8l@vimeo.com,12355 Lerdahl Court
311,Freddie,Demangeon,1981-11-22T09:58:03Z,M,fdemangeon8m@freewebs.com,3 Lerdahl Terrace
312,Druci,Doswell,1984-02-14T17:08:28Z,F,ddoswell8n@yolasite.com,4518 Prairieview Lane
313,Eba,Dargue,1999-11-29T14:28:01Z,F,edargue8o@storify.com,22199 Prairieview Junction
314,Dewey,Margaret,1996-12-18T03:42:21Z,M,dmargaret8p@digg.com,24 Hagan Road
315,Wyatt,Balser,1988-05-15T03:53:05Z,M,wbalser8q@cargocollective.com,0187 Roxbury Road
316,Hildagard,Mohring,1989-02-15T17:23:12Z,F,hmohring8r@va.gov,30 Duke Junction
317,Kerianne,Bortoloni,1990-11-23T12:17:11Z,F,kbortoloni8s@engadget.com,1 Lakeland Street
318,Sibilla,Avrahm,1997-09-19T22:12:08Z,F,savrahm8t@bandcamp.com,32991 Di Loreto Alley
319,Wallis,Cicccitti,1999-10-23T17:11:31Z,M,wcicccitti8u@amazonaws.com,7 Stephen Hill
320,Lindsey,Nicolls,1981-09-02T20:50:18Z,M,lnicolls8v@miibeian.gov.cn,851 Russell Plaza
321,Zeke,Scurfield,1983-04-03T18:58:26Z,M,zscurfield8w@marketwatch.com,27929 Beilfuss Hill
322,Raleigh,Mac Geaney,1995-03-23T02:48:34Z,M,rmacgeaney8x@slashdot.org,83 Merrick Center
323,Laurette,Carbine,1999-05-10T07:46:18Z,F,lcarbine8y@tmall.com,6 Bobwhite Trail
324,Dennie,Durden,1986-09-27T22:12:00Z,M,ddurden8z@feedburner.com,722 Thackeray Plaza
325,Cary,Summerbell,1981-08-27T22:32:37Z,F,csummerbell90@sogou.com,19412 Thackeray Plaza
326,Fan,Golland,1984-01-23T09:42:15Z,F,fgolland91@canalblog.com,5117 Lighthouse Bay Alley
327,Gusta,Rubens,1984-12-21T20:18:45Z,F,grubens92@people.com.cn,02676 Arkansas Center
328,Ford,Downe,1992-03-07T20:06:38Z,M,fdowne93@deliciousdays.com,04864 6th Alley
329,Robin,Goodisson,1998-08-29T04:30:21Z,F,rgoodisson94@ocn.ne.jp,3138 Birchwood Junction
330,Bibby,Scranedge,1997-07-15T18:38:19Z,F,bscranedge95@independent.co.uk,482 Westport Hill
331,Marian,Hawkett,1997-08-29T12:36:42Z,F,mhawkett96@pcworld.com,6 Dovetail Road
332,Gabbie,Mowsley,1993-10-08T00:10:55Z,M,gmowsley97@joomla.org,9148 Golf Course Court
333,Melvyn,Bygate,2000-06-14T01:56:19Z,M,mbygate98@auda.org.au,7 Forest Pass
334,Geri,Foch,1987-02-04T01:38:32Z,M,gfoch99@pagesperso-orange.fr,4022 Valley Edge Junction
335,Electra,Hearns,1995-08-14T10:00:20Z,F,ehearns9a@berkeley.edu,348 Forest Run Terrace
336,Sheffield,Creamen,1981-08-05T13:51:06Z,M,screamen9b@dagondesign.com,25276 Mallard Pass
337,Lita,Rauprich,1993-01-07T00:42:05Z,F,lrauprich9c@paypal.com,354 Rockefeller Alley
338,Arnaldo,Vinnicombe,1996-12-25T10:02:09Z,M,avinnicombe9d@mapquest.com,19918 Anhalt Lane
339,Morna,Westmore,1991-01-31T16:19:14Z,F,mwestmore9e@craigslist.org,812 Bunker Hill Road
340,Stavros,Claque,1991-01-12T21:34:24Z,M,sclaque9f@apache.org,96 Everett Place
341,Jocelin,Bagby,1994-02-14T23:31:20Z,F,jbagby9g@virginia.edu,4128 Brickson Park Park
342,Edwina,MacCallum,1988-03-23T06:53:09Z,F,emaccallum9h@facebook.com,9385 Welch Place
343,Ebonee,McAlees,1981-06-13T11:32:21Z,F,emcalees9i@dell.com,1509 Johnson Street
344,Renaldo,Binnes,1980-12-16T20:35:42Z,M,rbinnes9j@mozilla.com,25439 6th Trail
345,Alika,MacCrossan,1982-03-24T21:48:28Z,F,amaccrossan9k@example.com,0713 Forster Road
346,Desiri,Sivills,1987-06-22T10:13:11Z,F,dsivills9l@prnewswire.com,4928 Rockefeller Pass
347,Bertha,Wycliffe,1988-02-29T04:32:49Z,F,bwycliffe9m@china.com.cn,1599 Mandrake Alley
348,Athena,Hallett,1987-05-06T20:55:59Z,F,ahallett9n@ow.ly,95 6th Point
349,Berni,Cammis,1983-03-01T22:16:16Z,F,bcammis9o@histats.com,9207 Dottie Drive
350,Carolin,Timperley,1996-11-11T15:37:07Z,F,ctimperley9p@over-blog.com,8 Grasskamp Parkway
351,Jania,Surmeyers,1999-08-22T14:38:54Z,F,jsurmeyers9q@artisteer.com,0398 Westerfield Road
352,Nerty,Hanbury-Brown,1994-11-20T08:09:43Z,F,nhanburybrown9r@mozilla.com,335 Dahle Crossing
353,Marijn,Dani,1999-03-30T09:20:16Z,M,mdani9s@infoseek.co.jp,471 Hagan Trail
354,Park,Gregorowicz,1987-07-01T14:57:14Z,M,pgregorowicz9t@telegraph.co.uk,51223 Anthes Way
355,Hort,Mabe,1998-11-07T09:16:31Z,M,hmabe9u@ebay.com,3150 Northport Junction
356,Mendie,Neward,1990-09-10T17:03:53Z,M,mneward9v@phoca.cz,8 Dayton Park
357,Blane,Dumblton,1982-04-14T01:36:01Z,M,bdumblton9w@themeforest.net,67 Cardinal Park
358,Phylys,Dellow,1999-10-18T18:16:21Z,F,pdellow9x@oakley.com,8 Kingsford Place
359,Penni,Mecozzi,1989-09-01T16:45:55Z,F,pmecozzi9y@sourceforge.net,1830 Magdeline Lane
360,Jarad,Goede,1989-01-15T05:14:14Z,M,jgoede9z@yandex.ru,4480 Schmedeman Trail
361,Pat,Killelay,1986-10-02T19:06:59Z,M,pkillelaya0@hud.gov,23 Maple Plaza
362,Sheffie,Frays,1987-05-03T16:53:40Z,M,sfraysa1@latimes.com,810 Delaware Point
363,Cloris,Glewe,1991-12-12T08:18:54Z,F,cglewea2@weather.com,3 Merchant Pass
364,Gretna,Della Scala,1997-07-20T04:27:28Z,F,gdellascalaa3@virginia.edu,4854 Warner Avenue
365,Rubina,Vanyukov,1983-12-25T20:26:37Z,F,rvanyukova4@xing.com,233 Pearson Pass
366,Zeb,Garter,1993-04-26T16:41:29Z,M,zgartera5@mail.ru,375 Veith Court
367,Evelyn,Jindracek,1999-12-12T22:01:42Z,F,ejindraceka6@baidu.com,3233 Sheridan Trail
368,Yettie,Durrant,1994-08-01T16:15:05Z,F,ydurranta7@google.de,2329 Luster Parkway
369,Grethel,Rangell,1992-12-20T11:48:00Z,F,grangella8@kickstarter.com,35 Fisk Parkway
370,Adria,Aslie,1998-07-15T06:30:05Z,F,aasliea9@booking.com,9021 John Wall Way
371,Osbourne,Kenningley,2000-09-22T13:33:46Z,M,okenningleyaa@1688.com,667 Loomis Avenue
372,Richard,Hayton,1986-02-27T19:40:48Z,M,rhaytonab@nature.com,72354 Melrose Parkway
373,Aldwin,Beckford,1982-03-27T06:09:29Z,M,abeckfordac@usgs.gov,8 Lighthouse Bay Point
374,Winfred,Jonin,1985-08-22T05:18:49Z,M,wjoninad@sfgate.com,65 Reindahl Drive
375,Sheree,Kiendl,1995-09-04T12:45:52Z,F,skiendlae@wordpress.com,386 Anthes Trail
376,Aida,Leadston,1984-07-03T22:42:33Z,F,aleadstonaf@archive.org,7115 Hanover Place
377,Lavena,Muttitt,1985-11-23T20:04:48Z,F,lmuttittag@businessinsider.com,47 Autumn Leaf Terrace
378,Trstram,Thomazin,1986-09-10T16:21:00Z,M,tthomazinah@usa.gov,752 Dixon Pass
379,Ardelis,Roz,1992-11-17T13:07:41Z,F,arozai@digg.com,02389 Corry Terrace
380,Cooper,Bretland,1982-02-02T12:10:39Z,M,cbretlandaj@wp.com,85480 Memorial Hill
381,Althea,Solloway,1994-10-13T16:37:26Z,F,asollowayak@skype.com,904 Crownhardt Terrace
382,Orion,Andries,1999-05-30T07:26:47Z,M,oandriesal@issuu.com,30 Menomonie Circle
383,Ulla,McCahill,1992-09-23T07:14:47Z,F,umccahillam@deliciousdays.com,86 Oak Valley Terrace
384,Stillmann,Murr,2000-01-10T15:35:14Z,M,smurran@hc360.com,8052 Sutherland Center
385,Roze,Schuricke,1982-11-08T16:20:29Z,F,rschurickeao@usa.gov,061 Dexter Avenue
386,Gloria,Minister,1988-03-21T17:01:18Z,F,gministerap@i2i.jp,1 Manley Street
387,Scarface,Philipsson,1995-04-03T19:34:59Z,M,sphilipssonaq@google.co.jp,62591 Waubesa Way
388,Brett,Andree,1993-08-09T20:08:34Z,F,bandreear@merriam-webster.com,26083 Butternut Lane
389,Meredith,Corradeschi,1983-05-17T19:09:46Z,M,mcorradeschias@usnews.com,6 Huxley Center
390,Katrine,Seamarke,1997-10-19T05:38:59Z,F,kseamarkeat@hubpages.com,011 Warbler Plaza
391,Lynn,Mansford,1984-04-06T02:02:57Z,M,lmansfordau@last.fm,19 Jay Center
392,Ozzie,Robelow,1992-10-31T07:05:58Z,M,orobelowav@toplist.cz,649 Cody Point
393,Harlin,McTurk,1984-02-17T13:45:41Z,M,hmcturkaw@netlog.com,92 Bartillon Avenue
394,Catlee,Bodicam,1996-09-05T00:27:15Z,F,cbodicamax@simplemachines.org,5649 Lake View Alley
395,Franky,Varley,1997-08-20T09:44:18Z,F,fvarleyay@state.tx.us,5594 Thompson Circle
396,Filbert,Todd,1994-11-10T06:32:39Z,M,ftoddaz@apache.org,5 Westerfield Junction
397,Filide,Clace,1993-07-02T16:53:25Z,F,fclaceb0@hibu.com,35 Thompson Terrace
398,Gonzalo,Syred,1993-02-05T16:25:57Z,M,gsyredb1@cpanel.net,3258 Esker Court
399,Curr,Woodfine,1992-02-07T07:38:37Z,M,cwoodfineb2@paypal.com,85547 Upham Court
400,Marcelle,Strugnell,1982-04-20T09:22:42Z,F,mstrugnellb3@berkeley.edu,89 Forest Drive
401,Sofia,L' Estrange,1982-03-18T01:07:04Z,F,slestrangeb4@uiuc.edu,6 Forest Dale Place
402,Malvina,Franke,1989-09-04T12:51:04Z,F,mfrankeb5@geocities.jp,16076 Comanche Park
403,Brunhilde,Jennison,1992-01-24T05:13:43Z,F,bjennisonb6@tamu.edu,49 Anthes Court
404,Yorke,Giabucci,1984-04-05T23:23:59Z,M,ygiabuccib7@scribd.com,7697 Mockingbird Crossing
405,Roderich,Ancliffe,1984-01-15T15:49:54Z,M,rancliffeb8@scribd.com,13 Scofield Parkway
406,Obediah,Fynan,1989-01-23T07:41:02Z,M,ofynanb9@webnode.com,70086 Meadow Valley Park
407,Fairlie,Lodder,1989-01-10T22:56:30Z,M,flodderba@zimbio.com,1 Packers Street
408,Herminia,Broderick,1986-12-21T09:52:46Z,F,hbroderickbb@cargocollective.com,2 Mcbride Trail
409,Jocelin,Sibbit,1981-09-14T14:22:18Z,F,jsibbitbc@privacy.gov.au,8899 8th Crossing
410,Flossi,MacVicar,1999-09-18T11:50:59Z,F,fmacvicarbd@forbes.com,9795 Everett Hill
411,Ethe,Ranson,1983-03-07T11:22:44Z,M,eransonbe@xing.com,22 Basil Plaza
412,Vitoria,Roches,1987-01-07T02:19:28Z,F,vrochesbf@microsoft.com,2612 Forster Center
413,Adriano,Watkinson,1998-02-04T05:13:34Z,M,awatkinsonbg@webmd.com,56606 Mendota Avenue
414,Shena,Clampin,2000-04-03T13:01:07Z,F,sclampinbh@mayoclinic.com,58 Manitowish Pass
415,Cayla,Heintsch,1992-08-13T07:13:14Z,F,cheintschbi@yahoo.co.jp,9388 Leroy Street
416,Frannie,Grieves,1986-12-27T06:52:14Z,M,fgrievesbj@harvard.edu,3 Caliangt Center
417,Enrique,Leahair,1985-06-29T09:40:21Z,M,eleahairbk@spiegel.de,17 Kinsman Crossing
418,Jacqueline,McNeill,1990-07-23T18:38:57Z,F,jmcneillbl@mapy.cz,45 Namekagon Avenue
419,Johnna,Waterhouse,1990-10-10T06:36:18Z,F,jwaterhousebm@archive.org,84 Banding Center
420,Caron,Tewkesberrie,1993-04-07T09:14:37Z,F,ctewkesberriebn@yahoo.com,20 Rowland Center
421,Berty,Royle,1988-02-21T22:17:08Z,F,broylebo@weibo.com,9842 Eliot Crossing
422,Hailey,Phizakarley,1984-05-20T00:09:18Z,M,hphizakarleybp@icio.us,101 Eliot Terrace
423,Bary,Caple,1982-11-27T16:48:25Z,M,bcaplebq@google.com.au,33980 Bowman Circle
424,Basile,Shuttleworth,1994-11-23T23:51:15Z,M,bshuttleworthbr@imgur.com,7862 Independence Pass
425,Erena,Mee,1982-11-03T05:14:58Z,F,emeebs@dailymotion.com,2184 Dahle Avenue
426,Rodrigo,Catmull,1986-03-22T11:39:37Z,M,rcatmullbt@com.com,36629 Carioca Circle
427,Berte,Biffen,1987-07-18T10:47:15Z,F,bbiffenbu@desdev.cn,1 Forest Dale Plaza
428,Wait,Loren,1987-04-25T23:22:44Z,M,wlorenbv@unesco.org,2 Mendota Point
429,Perry,Bitterton,1997-02-01T09:36:12Z,M,pbittertonbw@usgs.gov,63849 Norway Maple Court
430,Lucita,Reasce,1996-10-10T11:37:11Z,F,lreascebx@drupal.org,19 Clove Court
431,Vanya,Elsdon,1997-01-05T16:10:37Z,F,velsdonby@photobucket.com,252 Stuart Road
432,Rafaelia,Brimming,1986-11-13T06:40:00Z,F,rbrimmingbz@msu.edu,75254 Schiller Road
433,Hasty,Rushworth,1997-10-08T08:05:16Z,M,hrushworthc0@mayoclinic.com,81416 Northridge Drive
434,Sallyanne,Corkell,1991-10-01T12:44:26Z,F,scorkellc1@shop-pro.jp,48 Shasta Street
435,Leonora,Lethebridge,1982-04-23T17:20:48Z,F,llethebridgec2@imdb.com,92928 Lake View Terrace
436,Gage,Straughan,1982-11-11T22:56:21Z,M,gstraughanc3@technorati.com,17 Talisman Lane
437,Julienne,Vose,1981-12-19T13:01:29Z,F,jvosec4@exblog.jp,533 Lighthouse Bay Alley
438,Sara-ann,Petriello,1994-03-11T18:05:05Z,F,spetrielloc5@github.io,0333 Dexter Crossing
439,Sada,Hentzer,1981-03-26T14:04:10Z,F,shentzerc6@hatena.ne.jp,4 Independence Park
440,Nata,Gannon,1994-10-08T16:32:24Z,F,ngannonc7@so-net.ne.jp,970 Longview Park
441,Cloe,Huguet,1987-10-04T23:40:20Z,F,chuguetc8@imageshack.us,55128 Fuller Plaza
442,Cherish,Bewshea,1986-01-04T09:43:40Z,F,cbewsheac9@twitpic.com,3 Packers Hill
443,Mychal,Firminger,1982-02-22T22:52:54Z,M,mfirmingerca@digg.com,6196 Loomis Park
444,Celesta,Garlett,1997-08-17T11:12:37Z,F,cgarlettcb@senate.gov,144 Packers Plaza
445,Florencia,McConnell,1983-06-23T17:17:03Z,F,fmcconnellcc@elpais.com,129 Transport Place
446,Clive,Tweedy,1983-05-10T16:31:52Z,M,ctweedycd@fema.gov,80 Commercial Terrace
447,Hazlett,Fauning,1981-09-16T04:45:39Z,M,hfauningce@reddit.com,644 Carey Park
448,Ariela,Manuele,1992-11-08T18:17:32Z,F,amanuelecf@virginia.edu,97380 Grim Park
449,Zackariah,Ferrelli,1994-02-16T18:02:22Z,M,zferrellicg@trellian.com,22649 Scofield Crossing
450,Chelsae,Felder,1994-10-26T18:51:39Z,F,cfelderch@netlog.com,50938 Everett Point
451,Cozmo,Bolzmann,1999-08-07T20:26:23Z,M,cbolzmannci@ocn.ne.jp,82702 Ridgeview Avenue
452,Emlynne,Beningfield,1985-05-21T00:41:45Z,F,ebeningfieldcj@artisteer.com,1 Vernon Plaza
453,Elise,Putt,1992-12-19T16:13:54Z,F,eputtck@irs.gov,12 Jenifer Center
454,Sal,Stood,1991-11-24T07:38:38Z,M,sstoodcl@discuz.net,64 Oxford Terrace
455,Howie,Burstowe,1989-03-21T07:32:12Z,M,hburstowecm@github.io,56 Northridge Avenue
456,Ofilia,Corton,1990-08-12T01:41:17Z,F,ocortoncn@gnu.org,768 Starling Junction
457,Gaynor,Coombs,1986-08-22T21:49:59Z,F,gcoombsco@flickr.com,42 Veith Place
458,Clarke,Messingham,1987-06-05T18:10:36Z,M,cmessinghamcp@oracle.com,5 Sheridan Crossing
459,Prudence,McCafferky,1983-11-21T07:24:38Z,F,pmccafferkycq@cbsnews.com,502 Ronald Regan Parkway
460,Moselle,Binfield,1992-06-09T21:06:12Z,F,mbinfieldcr@symantec.com,970 Merry Road
461,Eilis,Lippi,1985-12-25T10:23:57Z,F,elippics@ezinearticles.com,29 Hudson Drive
462,Onida,Sleet,1992-09-04T03:04:12Z,F,osleetct@scribd.com,5 Scott Circle
463,Hector,Jansie,1986-11-09T21:33:17Z,M,hjansiecu@newsvine.com,4221 Laurel Terrace
464,Terri-jo,Congdon,1986-09-10T13:21:38Z,F,tcongdoncv@ucsd.edu,53 Mccormick Trail
465,La verne,Corness,1985-02-16T10:50:19Z,F,lcornesscw@ca.gov,7 Pierstorff Plaza
466,Augustine,Staves,1991-04-09T10:11:28Z,M,astavescx@goo.gl,3495 Mesta Circle
467,Tonya,Goding,1993-12-13T05:41:42Z,F,tgodingcy@multiply.com,1 Surrey Street
468,Hyacinth,Gylle,1993-08-11T05:22:36Z,F,hgyllecz@washingtonpost.com,94 Shelley Center
469,Emmerich,Nelles,1988-10-19T20:48:01Z,M,enellesd0@wikispaces.com,5 Orin Pass
470,Rogerio,Beckmann,1981-07-23T02:34:09Z,M,rbeckmannd1@ucoz.com,402 Golf Junction
471,Leonanie,Vernay,1988-11-04T08:56:32Z,F,lvernayd2@skype.com,3 Namekagon Trail
472,Alyse,Tebb,1996-10-08T21:21:44Z,F,atebbd3@twitter.com,1597 Grasskamp Parkway
473,Fannie,Knights,1983-11-09T05:47:56Z,F,fknightsd4@cdc.gov,09612 Northview Parkway
474,Eleanore,Downham,1981-03-25T00:11:17Z,F,edownhamd5@salon.com,77191 Ridgeview Avenue
475,Rik,Orgel,1996-12-16T06:14:31Z,M,rorgeld6@mediafire.com,5602 Atwood Alley
476,Rory,Bramah,1986-01-01T11:49:25Z,M,rbramahd7@google.com.br,8 Forest Run Drive
477,Garner,O' Dooley,1999-04-03T23:57:14Z,M,godooleyd8@gmpg.org,51 Petterle Way
478,Gale,Klemensiewicz,1997-01-22T05:33:20Z,M,gklemensiewiczd9@bigcartel.com,4 Nelson Alley
479,Pooh,Crickmoor,1994-04-02T11:14:42Z,M,pcrickmoorda@merriam-webster.com,3715 Nobel Road
480,Rance,Bowlands,1996-12-24T08:32:55Z,M,rbowlandsdb@amazon.co.jp,955 Cody Alley
481,Parry,Korba,1994-10-13T07:22:35Z,M,pkorbadc@gov.uk,96487 Elka Point
482,Barron,Clitheroe,1982-07-17T12:46:40Z,M,bclitheroedd@barnesandnoble.com,88277 Maple Wood Road
483,Chad,Rigby,1997-01-16T22:37:35Z,F,crigbyde@reference.com,80500 Hoard Road
484,Vinni,Gagan,1991-06-06T11:55:23Z,F,vgagandf@mapquest.com,282 Almo Plaza
485,Al,Kenway,1997-08-05T11:33:58Z,M,akenwaydg@un.org,27 Garrison Point
486,Terri,Tolchar,1985-01-31T07:46:23Z,F,ttolchardh@bluehost.com,183 Chive Way
487,Iggie,McGown,1990-04-14T05:11:05Z,M,imcgowndi@latimes.com,46 Fordem Crossing
488,Norean,Christophle,1996-06-10T22:15:34Z,F,nchristophledj@blog.com,37 Fair Oaks Terrace
489,Samson,Siuda,1996-04-12T12:37:15Z,M,ssiudadk@comsenz.com,079 Arapahoe Street
490,Jerry,Slowan,1997-09-25T05:36:38Z,M,jslowandl@posterous.com,0 Memorial Plaza
491,Rosalinde,Shearer,1994-05-19T23:32:39Z,F,rshearerdm@engadget.com,25 Pierstorff Crossing
492,Jessey,Bergeon,1987-08-18T15:13:05Z,M,jbergeondn@spotify.com,97484 Arizona Place
493,Tybie,Hargroves,1988-11-29T03:50:56Z,F,thargrovesdo@businessweek.com,183 Sunfield Parkway
494,Arabela,Muckley,1991-12-12T09:18:59Z,F,amuckleydp@plala.or.jp,99075 Kipling Plaza
495,Mattie,Beament,1995-07-26T18:47:42Z,F,mbeamentdq@netscape.com,27333 Hollow Ridge Circle
496,Josi,McCotter,1986-07-02T00:49:16Z,F,jmccotterdr@blogger.com,4 Morningstar Center
497,Rhona,Giacobilio,1988-12-31T00:37:45Z,F,rgiacobiliods@virginia.edu,44797 Jenifer Center
498,Adriano,Moryson,1991-10-09T16:32:29Z,M,amorysondt@latimes.com,580 Old Shore Avenue
499,Lethia,Pioli,2000-09-13T03:13:37Z,F,lpiolidu@umn.edu,1359 Doe Crossing Hill
500,Emanuele,D'Hooghe,1983-09-23T07:51:15Z,M,edhooghedv@ebay.com,076 Ilene Court
501,Vaughn,Pocklington,1992-09-04T07:11:43Z,M,vpocklingtondw@blogspot.com,064 Mandrake Way
502,Etan,Cluitt,1983-03-21T23:44:05Z,M,ecluittdx@google.co.uk,301 Bartelt Avenue
503,Michaella,Marshallsay,1982-12-04T11:20:28Z,F,mmarshallsaydy@prnewswire.com,98725 Grasskamp Center
504,Lilli,Axon,1988-03-30T19:15:35Z,F,laxondz@google.com,8 Gulseth Junction
505,Marci,MacMarcuis,1996-02-03T07:33:02Z,F,mmacmarcuise0@ftc.gov,15 Hayes Junction
506,Jennie,Dafforne,1998-07-12T15:54:00Z,F,jdaffornee1@irs.gov,5239 Crowley Crossing
507,Pascal,Copner,1985-06-25T01:07:52Z,M,pcopnere2@thetimes.co.uk,0732 Mcbride Circle
508,Shep,Fosken,1995-10-26T17:12:54Z,M,sfoskene3@wiley.com,62 Hollow Ridge Drive
509,Constantine,Pape,1990-06-21T12:06:32Z,F,cpapee4@disqus.com,9553 Ruskin Place
510,Fina,Alishoner,1992-12-18T06:11:51Z,F,falishonere5@time.com,353 Lakeland Avenue
511,Bruis,Findlay,1991-10-06T23:21:59Z,M,bfindlaye6@oracle.com,595 Chive Parkway
512,Flory,Pentecust,1990-06-18T08:58:10Z,F,fpentecuste7@elpais.com,573 Ludington Circle
513,Munroe,Holburn,1988-05-31T03:34:03Z,M,mholburne8@123-reg.co.uk,8398 Ruskin Crossing
514,Georgeta,Bassil,1983-09-06T14:51:38Z,F,gbassile9@aol.com,3373 Stang Junction
515,Violetta,O'Skehan,1998-11-23T23:09:08Z,F,voskehanea@usgs.gov,82153 Green Drive
516,Sarajane,Brailsford,1982-09-27T14:38:32Z,F,sbrailsfordeb@1688.com,4 Burning Wood Center
517,Quent,Kaufman,1995-01-12T11:58:26Z,M,qkaufmanec@aboutads.info,18 New Castle Hill
518,Franklyn,Vasilischev,1996-01-29T21:43:19Z,M,fvasilischeved@tinypic.com,1 Kennedy Junction
519,Viv,McGinny,1992-03-18T10:34:44Z,F,vmcginnyee@hhs.gov,1 Bowman Street
520,Noellyn,Worster,1985-09-18T18:50:04Z,F,nworsteref@com.com,834 Spaight Parkway
521,Nelli,Dast,1981-07-05T04:38:58Z,F,ndasteg@jimdo.com,4 Randy Place
522,Ado,Ibbott,1980-12-02T12:03:54Z,M,aibbotteh@bizjournals.com,17 Briar Crest Circle
523,Shandy,Bowen,1995-09-05T15:29:55Z,F,sbowenei@narod.ru,7606 Riverside Lane
524,Jory,Dooley,1995-10-07T09:01:50Z,M,jdooleyej@imgur.com,76 Muir Drive
525,Dre,Pie,1990-04-13T07:05:28Z,F,dpieek@howstuffworks.com,4367 Jackson Center
526,Kent,Lange,1991-02-09T04:01:49Z,M,klangeel@nps.gov,7065 Kim Alley
527,Hesther,Turfrey,1981-02-02T12:16:22Z,F,hturfreyem@apache.org,8 Everett Terrace
528,Haleigh,Spini,1987-09-20T20:16:55Z,M,hspinien@goo.gl,64 Pawling Terrace
529,Stace,Dumbell,1997-08-04T00:55:33Z,F,sdumbelleo@opera.com,863 Blackbird Court
530,Galina,Gerrens,2000-05-01T19:58:57Z,F,ggerrensep@wikimedia.org,8194 Shelley Junction
531,Bern,Adamides,2000-06-18T20:38:38Z,M,badamideseq@prlog.org,6 Loomis Way
532,Rosemarie,Enright,1981-09-23T22:24:00Z,F,renrighter@nature.com,896 Ruskin Alley
533,Kellsie,Slany,1983-04-17T02:30:44Z,F,kslanyes@bizjournals.com,434 Emmet Point
534,Cristy,Domerc,1993-08-17T15:28:37Z,F,cdomercet@microsoft.com,568 Superior Point
535,Antonio,Lympenie,1983-08-25T13:55:26Z,M,alympenieeu@i2i.jp,613 Ridgeway Court
536,Joseito,Handmore,1995-06-14T22:36:30Z,M,jhandmoreev@mail.ru,9538 Sundown Parkway
537,Malachi,Lammin,1984-06-09T23:15:06Z,M,mlamminew@nydailynews.com,4 Oak Court
538,Alena,Stribling,1982-09-18T11:39:24Z,F,astriblingex@squarespace.com,1 Mariners Cove Road
539,Abie,Lenchenko,1987-08-29T06:05:55Z,M,alenchenkoey@sitemeter.com,17 Reinke Road
540,Ancell,Humpherson,1994-11-17T19:41:33Z,M,ahumphersonez@thetimes.co.uk,01 Rieder Trail
541,Bevvy,Loeber,1984-05-23T08:11:19Z,F,bloeberf0@comcast.net,68413 Shoshone Point
542,Alexio,Druhan,1984-08-30T00:48:56Z,M,adruhanf1@networkadvertising.org,37198 Pennsylvania Point
543,Kenton,Giroldo,1983-05-09T09:58:20Z,M,kgiroldof2@prlog.org,85067 Brown Park
544,Derby,Keatch,1986-12-02T12:40:22Z,M,dkeatchf3@merriam-webster.com,6 Melvin Road
545,Sonny,Hourahan,1996-11-04T03:14:20Z,M,shourahanf4@wunderground.com,76431 Anthes Place
546,Artemas,Regglar,1981-07-24T22:59:11Z,M,aregglarf5@sourceforge.net,938 Buell Court
547,Clemmy,Longmuir,1987-11-18T09:51:11Z,F,clongmuirf6@forbes.com,4454 Maple Trail
548,Krystal,Burgane,1996-03-13T10:05:39Z,F,kburganef7@bravesites.com,95599 Helena Street
549,Iago,Nardoni,1993-04-06T03:31:24Z,M,inardonif8@admin.ch,89042 Dawn Point
550,Hermon,Carnoghan,1984-03-24T19:39:39Z,M,hcarnoghanf9@wix.com,0825 Schiller Point
551,Cristian,Spawforth,1995-05-27T15:07:51Z,M,cspawforthfa@simplemachines.org,447 Derek Road
552,Mic,Shitliffe,1985-12-05T14:21:34Z,M,mshitliffefb@dot.gov,13 Westport Street
553,Tirrell,Wyss,1994-02-13T18:00:42Z,M,twyssfc@usa.gov,2 Bay Center
554,Odelle,Martygin,1994-03-12T17:14:55Z,F,omartyginfd@discovery.com,16 Talisman Junction
555,Alene,Bowfin,1990-11-09T16:26:04Z,F,abowfinfe@abc.net.au,231 Donald Court
556,Ulises,Reyner,1987-10-21T17:57:21Z,M,ureynerff@intel.com,95661 Prairie Rose Terrace
557,Hugo,Northen,1985-10-31T16:48:30Z,M,hnorthenfg@facebook.com,3 Pearson Plaza
558,Marlene,Muneely,1997-11-09T22:43:40Z,F,mmuneelyfh@joomla.org,441 Lerdahl Terrace
559,Katerina,Bryer,1993-09-02T03:59:00Z,F,kbryerfi@lycos.com,5 Cherokee Road
560,Nevsa,Cockett,1993-06-24T22:21:38Z,F,ncockettfj@angelfire.com,3977 Vernon Hill
561,Corry,Shivlin,1986-11-09T08:00:29Z,F,cshivlinfk@va.gov,3 Dovetail Drive
562,Suki,Suart,1991-08-28T03:38:01Z,F,ssuartfl@webeden.co.uk,93 Luster Trail
563,Flor,Spracklin,2000-06-19T14:27:45Z,F,fspracklinfm@yahoo.com,654 Dennis Center
564,Filippo,Brou,1986-10-30T05:37:58Z,M,fbroufn@theatlantic.com,9 Doe Crossing Crossing
565,Valery,Jemmison,1983-11-16T05:09:25Z,F,vjemmisonfo@dailymotion.com,3740 Crescent Oaks Parkway
566,Renaud,Fynan,1988-02-07T19:54:09Z,M,rfynanfp@ow.ly,8 Sachs Pass
567,Aldric,Sarfatti,1992-10-16T03:25:18Z,M,asarfattifq@psu.edu,86556 Kim Hill
568,Felecia,Murrum,1985-08-30T19:03:06Z,F,fmurrumfr@cmu.edu,652 Johnson Crossing
569,Nels,Collinson,2000-02-28T17:46:54Z,M,ncollinsonfs@mediafire.com,08593 Nancy Parkway
570,Jordon,Fowlestone,1996-09-17T12:43:03Z,M,jfowlestoneft@nps.gov,3373 Johnson Junction
571,Teena,Jose,1994-12-19T06:10:10Z,F,tjosefu@360.cn,4237 Anderson Road
572,Jarrad,Bridie,1981-12-12T11:47:19Z,M,jbridiefv@bluehost.com,19592 Prairieview Court
573,Alyssa,Tills,1984-04-28T13:37:52Z,F,atillsfw@theatlantic.com,9704 Ridgeview Avenue
574,Henka,Bendan,1997-12-14T14:27:15Z,F,hbendanfx@mlb.com,70 Helena Junction
575,Noami,Mancer,1990-03-23T11:17:30Z,F,nmancerfy@cocolog-nifty.com,75 Northland Terrace
576,Lisette,Trighton,1983-04-08T01:36:55Z,F,ltrightonfz@elegantthemes.com,94 American Ash Lane
577,Iolanthe,Whyborn,1987-05-03T02:20:15Z,F,iwhyborng0@fastcompany.com,737 Montana Parkway
578,Flossie,Gaynesford,1989-03-23T15:23:38Z,F,fgaynesfordg1@opera.com,63994 Pawling Lane
579,Bern,Couchman,2000-02-23T14:06:18Z,M,bcouchmang2@webmd.com,395 Emmet Way
580,Morry,Lamport,1988-12-24T20:50:30Z,M,mlamportg3@oaic.gov.au,54 Kim Circle
581,Gael,Lorryman,1994-11-03T17:37:50Z,F,glorrymang4@spotify.com,98 Paget Hill
582,Vera,Bottelstone,1998-08-07T14:40:23Z,F,vbottelstoneg5@skyrock.com,75481 Columbus Park
583,Prescott,Hoonahan,1999-08-19T02:15:15Z,M,phoonahang6@bloomberg.com,1431 Quincy Way
584,Ave,Shuttell,1987-06-30T08:36:25Z,M,ashuttellg7@lycos.com,653 Elmside Trail
585,Lauralee,Stoneley,1987-06-04T09:36:43Z,F,lstoneleyg8@dmoz.org,21020 Sugar Avenue
586,Lucinda,Symmers,1989-11-04T11:01:37Z,F,lsymmersg9@posterous.com,764 Arizona Junction
587,Joete,Kingsford,2000-01-15T02:50:16Z,F,jkingsfordga@exblog.jp,31034 Sunbrook Road
588,Willis,Pickrill,1982-02-07T17:27:09Z,M,wpickrillgb@rambler.ru,8 Columbus Drive
589,Tabina,Scottini,1995-01-29T11:03:34Z,F,tscottinigc@cisco.com,86 Fairfield Way
590,Cos,MacCawley,1992-10-18T05:46:36Z,M,cmaccawleygd@biblegateway.com,05140 Chinook Pass
591,Ermengarde,Pirson,1998-09-16T16:24:46Z,F,epirsonge@jalbum.net,0020 Coolidge Trail
592,Raimund,Dymond,1982-12-14T20:05:11Z,M,rdymondgf@1688.com,64 Dixon Alley
593,Noah,Sprulls,1982-04-22T06:15:30Z,M,nsprullsgg@usa.gov,1 Shoshone Pass
594,Kev,Dansey,1990-04-09T14:55:52Z,M,kdanseygh@blog.com,6 Valley Edge Trail
595,Lev,Eason,1982-07-29T15:38:17Z,M,leasongi@buzzfeed.com,4 Maple Wood Drive
596,Katharina,Crathern,1986-11-15T08:42:37Z,F,kcratherngj@soup.io,28195 Vernon Point
597,Callie,Di Giacomo,1997-09-20T11:31:36Z,F,cdigiacomogk@google.it,1845 Comanche Plaza
598,Ursola,Blincowe,1986-04-27T10:34:50Z,F,ublincowegl@tinypic.com,626 Summit Center
599,Flss,Spencers,2000-10-23T07:01:20Z,F,fspencersgm@wikispaces.com,3 Novick Pass
600,Riannon,Casbolt,1994-08-05T01:30:51Z,F,rcasboltgn@quantcast.com,4554 Anderson Center
601,Hercules,Doring,1994-05-22T00:24:09Z,M,hdoringgo@t.co,0 Walton Circle
602,Lainey,Allcock,1988-12-22T15:17:34Z,F,lallcockgp@vistaprint.com,7 High Crossing Hill
603,Ivory,Powlett,1988-08-02T08:40:55Z,F,ipowlettgq@mit.edu,79 Drewry Pass
604,Tisha,Eam,1983-07-23T13:22:29Z,F,teamgr@icio.us,5 Glacier Hill Point
605,Madalyn,Prisley,1995-03-28T01:44:05Z,F,mprisleygs@technorati.com,7 Harbort Crossing
606,Ezra,Severy,1990-01-04T10:44:12Z,M,eseverygt@fastcompany.com,46373 6th Terrace
607,Rees,Baxstar,1993-05-13T14:17:11Z,M,rbaxstargu@a8.net,654 Memorial Center
608,Ricky,Pardew,1984-11-02T22:12:34Z,F,rpardewgv@deviantart.com,3 Lawn Alley
609,Ethelbert,Pearlman,1982-06-13T09:33:35Z,M,epearlmangw@un.org,767 Arkansas Center
610,Joella,Rossander,1995-01-22T18:10:18Z,F,jrossandergx@icio.us,55491 Packers Center
611,Jacob,Tucknutt,1988-07-01T05:51:36Z,M,jtucknuttgy@sitemeter.com,00449 Towne Park
612,Elva,Gravenor,1992-10-08T11:31:03Z,F,egravenorgz@noaa.gov,3894 Bultman Parkway
613,Linet,Smoughton,1984-09-23T06:29:43Z,F,lsmoughtonh0@cnn.com,1 Eagan Alley
614,Ruperta,Swettenham,1995-06-27T00:02:23Z,F,rswettenhamh1@squidoo.com,115 Havey Avenue
615,Elyse,Aldwich,1982-10-19T22:04:27Z,F,ealdwichh2@ow.ly,5 Kenwood Junction
616,Blondelle,Seage,1992-11-17T08:02:11Z,F,bseageh3@lulu.com,829 Grasskamp Alley
617,Clywd,Brine,1990-07-21T14:02:38Z,M,cbrineh4@kickstarter.com,8 Crest Line Park
618,Gerrard,Yeardsley,1988-07-23T14:00:59Z,M,gyeardsleyh5@furl.net,357 Stang Drive
619,Mozes,Dunbavin,1995-07-20T19:31:59Z,M,mdunbavinh6@stumbleupon.com,56 Dwight Point
620,Dniren,Sneden,1983-07-12T09:17:29Z,F,dsnedenh7@uiuc.edu,25422 Gulseth Park
621,Tori,Danhel,1999-05-26T12:35:59Z,F,tdanhelh8@simplemachines.org,6015 Memorial Center
622,Haywood,Kettle,1989-06-09T05:55:18Z,M,hkettleh9@wikimedia.org,0334 Fremont Park
623,Diana,Ottosen,1990-08-18T23:52:39Z,F,dottosenha@prweb.com,86161 Grayhawk Trail
624,Cory,Applegarth,1991-05-08T11:56:12Z,M,capplegarthhb@virginia.edu,91 Duke Drive
625,Shara,MacKeogh,1982-12-05T17:07:34Z,F,smackeoghhc@shareasale.com,9 Tennessee Plaza
626,Aime,Ellse,1981-12-12T13:01:48Z,F,aellsehd@g.co,10775 Londonderry Street
627,Wandie,Peltzer,1999-12-06T09:18:10Z,F,wpeltzerhe@berkeley.edu,3036 Eastwood Court
628,Alexandr,Landa,1982-03-28T11:27:53Z,M,alandahf@furl.net,83973 Dakota Way
629,Erminia,Trendle,1999-02-02T20:00:38Z,F,etrendlehg@blog.com,4455 Mosinee Hill
630,Elianore,Gowry,1993-05-07T17:16:26Z,F,egowryhh@pcworld.com,3224 Prentice Terrace
631,Karen,Oakhill,1992-11-11T13:47:50Z,F,koakhillhi@chronoengine.com,660 Farwell Lane
632,Saleem,Baynham,1993-09-16T10:46:39Z,M,sbaynhamhj@omniture.com,51 Sherman Court
633,Cariotta,Woolston,1994-04-30T22:40:27Z,F,cwoolstonhk@hp.com,9268 Luster Road
634,Rudd,Eastmead,2000-02-13T01:22:02Z,M,reastmeadhl@tinyurl.com,97 Johnson Drive
635,Norton,Cudde,1983-06-08T02:16:36Z,M,ncuddehm@cocolog-nifty.com,151 Northview Junction
636,Celestyn,Farrans,1993-12-23T20:22:29Z,F,cfarranshn@tripod.com,32588 Homewood Crossing
637,Jacinthe,Scarlet,1986-08-21T11:13:35Z,F,jscarletho@ifeng.com,6 Northridge Terrace
638,Dionysus,Murrey,1981-10-09T18:06:11Z,M,dmurreyhp@marriott.com,948 Mcguire Park
639,Lynne,Gledhall,1987-06-13T20:21:09Z,F,lgledhallhq@theglobeandmail.com,47 Packers Crossing
640,Hi,Vreede,1989-09-23T02:59:21Z,M,hvreedehr@cyberchimps.com,97 Briar Crest Terrace
641,Terra,Andrault,1994-06-05T20:41:36Z,F,tandraulths@wp.com,61 Walton Junction
642,Lorena,L'oiseau,1988-11-19T14:47:18Z,F,lloiseauht@dyndns.org,93148 Northland Hill
643,Vale,Gilston,1990-04-28T07:56:42Z,F,vgilstonhu@wikia.com,57 Hazelcrest Place
644,Trent,Eason,1999-03-11T17:06:02Z,M,teasonhv@livejournal.com,847 Dahle Trail
645,Lindie,Mapam,1983-08-30T08:55:22Z,F,lmapamhw@unesco.org,49 American Place
646,Gaby,Angliss,1996-08-26T19:55:55Z,F,ganglisshx@narod.ru,2623 Gerald Drive
647,Hillel,Rough,1989-07-19T05:29:11Z,M,hroughhy@vk.com,02362 John Wall Junction
648,Zonnya,Menary,1988-02-23T19:40:31Z,F,zmenaryhz@sitemeter.com,42 Dryden Avenue
649,Hagen,Mathevet,1998-11-03T14:00:56Z,M,hmatheveti0@go.com,41990 Vahlen Way
650,Manfred,Calabry,1993-06-17T01:09:32Z,M,mcalabryi1@csmonitor.com,06 Transport Circle
651,Trstram,Manna,1987-11-10T16:10:44Z,M,tmannai2@blog.com,8274 Onsgard Lane
652,Edythe,Serrels,1999-04-04T18:16:53Z,F,eserrelsi3@xrea.com,9 Granby Parkway
653,Darell,Bricham,1988-02-23T23:29:33Z,F,dbrichami4@nydailynews.com,4226 Packers Place
654,Lanie,Skone,1982-08-31T02:31:35Z,M,lskonei5@elegantthemes.com,26 Hintze Junction
655,Sargent,Tschirschky,1988-08-16T21:34:23Z,M,stschirschkyi6@wix.com,912 Clemons Court
656,Sib,Pitsall,1986-09-23T12:10:45Z,F,spitsalli7@slate.com,603 Grover Center
657,Paula,Urpeth,1992-11-07T20:53:51Z,F,purpethi8@dion.ne.jp,666 Hooker Pass
658,Hailey,Lumsdall,1986-04-04T10:13:52Z,M,hlumsdalli9@artisteer.com,955 Maple Place
659,Florence,Cottie,1990-08-06T14:48:43Z,F,fcottieia@zimbio.com,374 Blaine Parkway
660,Perkin,Alflatt,1985-08-15T15:01:23Z,M,palflattib@vinaora.com,28 Kropf Street
661,Victoir,Tucsell,1992-03-21T12:42:54Z,M,vtucsellic@smugmug.com,10 Johnson Plaza
662,Fonzie,Heyfield,1981-10-19T13:46:14Z,M,fheyfieldid@weibo.com,62 Vera Pass
663,Adeline,Gregersen,1982-12-11T08:43:57Z,F,agregersenie@goo.ne.jp,6106 Division Parkway
664,Rudiger,Olding,1981-07-11T12:14:55Z,M,roldingif@nytimes.com,31106 Badeau Avenue
665,Ryley,MacGorrie,1986-10-25T14:54:35Z,M,rmacgorrieig@gnu.org,8 Mockingbird Drive
666,Kennett,Aartsen,1997-11-01T23:48:39Z,M,kaartsenih@sciencedirect.com,423 Hanover Junction
667,Adah,McVicar,1993-11-30T06:34:37Z,F,amcvicarii@umn.edu,0571 Knutson Center
668,Ambros,Cleaton,1986-10-09T11:23:08Z,M,acleatonij@i2i.jp,4942 Morrow Parkway
669,Sayer,Swindell,1986-05-24T11:02:33Z,M,sswindellik@twitpic.com,2790 Little Fleur Point
670,Holmes,Ivashinnikov,2000-04-02T11:43:23Z,M,hivashinnikovil@people.com.cn,8 Harbort Road
671,Kerwin,Jaggers,1992-11-08T14:19:57Z,M,kjaggersim@canalblog.com,39 Prairieview Parkway
672,Tripp,Deeming,1989-10-14T19:47:13Z,M,tdeemingin@ning.com,42 Blue Bill Park Lane
673,Emile,Carluccio,1985-08-08T03:13:43Z,M,ecarluccioio@indiegogo.com,7643 Nova Road
674,Carmita,Plowright,1989-07-19T06:40:24Z,F,cplowrightip@cnbc.com,84123 Dapin Place
675,Obed,Padly,1989-09-25T13:17:25Z,M,opadlyiq@adobe.com,14 Schiller Pass
676,Collen,Pinnegar,2000-08-02T23:08:37Z,F,cpinnegarir@hugedomains.com,363 Grim Plaza
677,Sylvia,Limbrick,1983-03-14T10:04:33Z,F,slimbrickis@zimbio.com,61 Cody Road
678,Celie,Indge,1989-10-17T22:23:46Z,F,cindgeit@oakley.com,39 Colorado Terrace
679,Lonnie,Hubeaux,1996-02-06T14:38:14Z,F,lhubeauxiu@hubpages.com,76094 Duke Point
680,Lacie,Heliet,1989-12-20T09:57:10Z,F,lhelietiv@eepurl.com,39 Prairie Rose Junction
681,Valeria,Druitt,1993-06-24T20:10:34Z,F,vdruittiw@ycombinator.com,7576 Buell Avenue
682,Lombard,Creboe,1997-10-19T08:14:38Z,M,lcreboeix@qq.com,8 Mcbride Alley
683,Carine,Steere,1982-01-03T05:24:00Z,F,csteereiy@t-online.de,2 Spaight Plaza
684,Melisa,Sharpless,1983-11-10T02:42:18Z,F,msharplessiz@bandcamp.com,1475 Knutson Court
685,Lorrin,Davidzon,1991-08-15T15:58:41Z,F,ldavidzonj0@answers.com,25689 Judy Park
686,Louie,Anten,1999-07-07T19:21:20Z,M,lantenj1@admin.ch,8 Blaine Lane
687,Gideon,Kenwood,1983-02-26T04:40:21Z,M,gkenwoodj2@scribd.com,367 Orin Street
688,Quent,Godsmark,2000-01-30T00:29:30Z,M,qgodsmarkj3@mac.com,192 Ryan Trail
689,Durante,Beceril,1992-01-01T08:05:50Z,M,dbecerilj4@ifeng.com,8 Anzinger Place
690,Muriel,Whicher,1996-01-13T19:49:18Z,F,mwhicherj5@google.pl,9 North Pass
691,Herbert,McElmurray,1987-12-30T11:38:52Z,M,hmcelmurrayj6@shutterfly.com,17 Clyde Gallagher Hill
692,Teodor,Cabbell,1988-01-30T08:24:30Z,M,tcabbellj7@over-blog.com,659 Northland Crossing
693,Laverne,Hentzeler,1989-12-04T19:55:11Z,F,lhentzelerj8@ask.com,1174 Charing Cross Crossing
694,Waverley,Grzegorzewski,1996-09-08T09:36:03Z,M,wgrzegorzewskij9@gravatar.com,91561 Milwaukee Place
695,Vernice,Boeter,1982-08-04T12:33:02Z,F,vboeterja@newyorker.com,37 Express Park
696,Cristionna,Snoding,1995-06-16T15:31:05Z,F,csnodingjb@geocities.jp,5 Hallows Hill
697,Trueman,Rizzillo,1983-04-06T03:01:35Z,M,trizzillojc@tinypic.com,02 Meadow Vale Hill
698,Johny,Carl,1986-01-12T21:21:44Z,M,jcarljd@gnu.org,1477 Florence Alley
699,Sinclare,Lilion,1990-06-04T11:10:42Z,M,slilionje@wisc.edu,83 Di Loreto Road
700,Camila,McEnhill,1993-08-18T10:51:52Z,F,cmcenhilljf@foxnews.com,5998 Red Cloud Crossing
701,Dagny,Wadforth,1997-04-05T16:50:08Z,M,dwadforthjg@reddit.com,91372 Dorton Pass
702,Dagny,Olenchikov,1990-03-05T17:06:02Z,M,dolenchikovjh@ted.com,65 Jana Lane
703,Sella,Adshed,1998-10-20T15:40:33Z,F,sadshedji@surveymonkey.com,347 Saint Paul Court
704,Herb,Jeannenet,1991-11-14T23:55:12Z,M,hjeannenetjj@woothemes.com,2206 Forster Alley
705,Stephan,Musslewhite,1986-09-29T08:21:57Z,M,smusslewhitejk@miitbeian.gov.cn,2195 Fairfield Pass
706,Harman,Riccard,1995-01-24T00:49:53Z,M,hriccardjl@macromedia.com,1 Lyons Drive
707,Cherry,Kunkel,1998-01-08T00:47:55Z,F,ckunkeljm@example.com,33 Clarendon Center
708,Shalne,Agney,1997-11-25T00:45:27Z,F,sagneyjn@meetup.com,650 3rd Street
709,Melicent,Lindeberg,1981-06-07T13:55:48Z,F,mlindebergjo@ycombinator.com,38101 Hollow Ridge Lane
710,Heinrik,Klimontovich,1999-09-12T04:28:05Z,M,hklimontovichjp@acquirethisname.com,785 Autumn Leaf Park
711,Monte,Capehorn,1992-03-09T18:22:07Z,M,mcapehornjq@infoseek.co.jp,9 Surrey Court
712,Loraine,Pyper,1996-05-27T05:42:51Z,F,lpyperjr@eepurl.com,295 Buell Street
713,Marne,Gaydon,1994-08-05T10:03:43Z,F,mgaydonjs@tinyurl.com,859 Oneill Center
714,Tessa,Twitchett,1997-02-20T02:24:25Z,F,ttwitchettjt@linkedin.com,13846 Luster Court
715,Costa,Pering,1993-11-25T17:08:16Z,M,cperingju@theguardian.com,82 American Ash Pass
716,Shirl,Mosdill,1987-12-08T18:19:04Z,F,smosdilljv@prnewswire.com,69071 Ronald Regan Parkway
717,Aurel,Wimes,1994-09-05T23:29:45Z,F,awimesjw@wp.com,2 Burning Wood Way
718,Marielle,Mattessen,1982-05-08T01:45:43Z,F,mmattessenjx@altervista.org,297 Barnett Parkway
719,Blinny,Fennelly,1990-04-16T19:02:26Z,F,bfennellyjy@cornell.edu,68 Forest Plaza
720,Thorny,Sandon,1980-12-01T00:37:01Z,M,tsandonjz@ibm.com,3 Pearson Pass
721,Elsbeth,Polly,1993-06-10T21:58:21Z,F,epollyk0@techcrunch.com,3789 Lukken Center
722,Romeo,Harrowsmith,1998-02-01T12:55:19Z,M,rharrowsmithk1@dyndns.org,52 Meadow Vale Hill
723,Dianna,Kolyagin,1990-03-26T02:51:03Z,F,dkolyagink2@rakuten.co.jp,819 Longview Crossing
724,Ivette,Lebreton,1983-11-19T02:15:18Z,F,ilebretonk3@google.it,83 Merrick Drive
725,Eliot,Gogin,1996-12-11T15:26:32Z,M,egogink4@goo.ne.jp,0 Leroy Hill
726,Nolan,Matthis,1988-09-25T07:14:25Z,M,nmatthisk5@shop-pro.jp,439 International Road
727,Clare,Mouth,1993-07-19T10:34:40Z,M,cmouthk6@apple.com,3 Fordem Circle
728,Arron,Feld,1997-09-01T03:56:55Z,M,afeldk7@biglobe.ne.jp,48737 5th Plaza
729,Maryanne,Maccrie,1998-10-25T01:19:59Z,F,mmaccriek8@wsj.com,058 Tomscot Drive
730,Clare,Rioch,1999-02-25T15:53:28Z,M,criochk9@who.int,7449 Darwin Pass
731,Marylin,Trinke,1983-04-24T04:38:05Z,F,mtrinkeka@rakuten.co.jp,6517 Washington Center
732,Alexei,Iacovacci,1985-03-03T09:17:07Z,M,aiacovaccikb@imdb.com,87142 Roth Avenue
733,Austin,Connichie,1996-06-03T19:24:06Z,F,aconnichiekc@phpbb.com,50425 Burrows Park
734,Anallise,Lukehurst,1988-06-12T11:06:45Z,F,alukehurstkd@bbb.org,63929 Valley Edge Court
735,Carly,Beadel,1996-08-04T06:33:31Z,M,cbeadelke@amazon.co.uk,981 Riverside Alley
736,Joachim,McCaughran,1998-12-31T07:03:30Z,M,jmccaughrankf@abc.net.au,7 Express Street
737,Sisely,Brailsford,1994-09-16T04:48:06Z,F,sbrailsfordkg@redcross.org,095 Fallview Alley
738,Jillene,Whitford,1985-08-31T03:52:58Z,F,jwhitfordkh@omniture.com,953 Rieder Trail
739,John,Catling,1981-06-21T20:03:07Z,M,jcatlingki@tiny.cc,57534 Welch Plaza
740,Gelya,Longfoot,1990-11-12T02:10:43Z,F,glongfootkj@yellowbook.com,27018 Lunder Parkway
741,Myrah,Mardell,1985-08-26T11:41:15Z,F,mmardellkk@ft.com,9 Fremont Lane
742,Jean,Pettisall,1987-05-11T22:10:19Z,F,jpettisallkl@eepurl.com,3 Ludington Pass
743,Britte,Bengall,1988-04-12T14:09:06Z,F,bbengallkm@usgs.gov,2 Nova Terrace
744,Clement,Burgis,1993-12-16T12:42:54Z,M,cburgiskn@bbb.org,21 Dixon Crossing
745,Robby,Branche,1993-05-18T03:24:57Z,M,rbrancheko@last.fm,4 Loeprich Point
746,Den,Coldbathe,1989-11-17T22:46:55Z,M,dcoldbathekp@ucoz.ru,13 Banding Terrace
747,Sapphire,Prosh,1994-08-14T20:42:05Z,F,sproshkq@intel.com,7781 Glacier Hill Trail
748,Aloysius,Tredgold,1997-01-25T16:47:51Z,M,atredgoldkr@cyberchimps.com,8755 Moland Park
749,Felita,Owain,2000-11-09T01:12:52Z,F,fowainks@gravatar.com,8761 Armistice Center
750,Evania,Penhearow,1999-11-12T11:35:14Z,F,epenhearowkt@behance.net,6 Carey Parkway
751,Dorene,MacDirmid,1983-12-26T00:44:17Z,F,dmacdirmidku@diigo.com,6468 Green Ridge Park
752,Sarena,Figgess,1999-11-26T19:38:16Z,F,sfiggesskv@guardian.co.uk,88 Homewood Center
753,Darby,Maggiore,1983-12-26T13:50:09Z,F,dmaggiorekw@gizmodo.com,0007 Killdeer Parkway
754,Tarrah,Coryndon,1995-07-26T06:39:04Z,F,tcoryndonkx@mashable.com,240 Transport Terrace
755,Ursula,Shand,1986-05-01T06:58:48Z,F,ushandky@gnu.org,9540 Prairie Rose Junction
756,Marietta,Cord,1992-07-29T22:26:13Z,F,mcordkz@liveinternet.ru,3664 Sommers Court
757,Greg,Gudeman,1998-12-20T18:28:39Z,M,ggudemanl0@usda.gov,2 Gerald Trail
758,Cassie,Sarney,1995-12-30T02:54:02Z,M,csarneyl1@netlog.com,27117 Hansons Circle
759,Ingunna,Polding,1988-06-08T12:31:20Z,F,ipoldingl2@utexas.edu,321 Eggendart Junction
760,Othella,Menauteau,1999-07-15T00:46:12Z,F,omenauteaul3@meetup.com,46913 Cordelia Crossing
761,Constantina,Paddingdon,1989-04-09T16:57:54Z,F,cpaddingdonl4@reverbnation.com,343 Sloan Point
762,Dusty,Brou,1983-09-04T14:52:45Z,F,dbroul5@about.com,58860 Morning Trail
763,Veronica,Arthy,2000-10-24T02:24:10Z,F,varthyl6@china.com.cn,67060 Debra Drive
764,Tawsha,Knotton,1989-09-07T17:52:14Z,F,tknottonl7@paginegialle.it,5881 Gina Center
765,Devina,Dray,1988-12-26T05:38:19Z,F,ddrayl8@wired.com,37 Tony Crossing
766,Gretal,Cowles,1994-11-10T05:05:35Z,F,gcowlesl9@amazon.co.uk,398 Forest Dale Crossing
767,Filberto,Lorant,1984-04-25T11:44:26Z,M,florantla@devhub.com,87956 Commercial Street
768,Rosanna,Wilprecht,1994-05-05T03:43:00Z,F,rwilprechtlb@a8.net,1112 Luster Way
769,Rhea,Monckton,1987-08-10T00:57:26Z,F,rmoncktonlc@boston.com,457 Kropf Pass
770,Merle,Averill,1999-09-13T20:00:55Z,M,maverillld@nbcnews.com,45 Sutteridge Street
771,Demetra,Huard,1985-08-03T08:22:42Z,F,dhuardle@adobe.com,57 Lindbergh Drive
772,Bradley,Steabler,1984-03-15T23:10:28Z,M,bsteablerlf@icio.us,6 Logan Hill
773,Barnett,Hearnaman,1995-06-07T23:47:52Z,M,bhearnamanlg@oracle.com,395 Maryland Alley
774,Adam,Dabernott,1996-03-16T04:40:38Z,M,adabernottlh@yahoo.com,82 Susan Drive
775,Gustie,Dmych,1983-04-08T07:44:51Z,F,gdmychli@soundcloud.com,833 Stang Court
776,Gavin,Lambden,1998-01-13T00:42:51Z,M,glambdenlj@gnu.org,7627 Bunting Alley
777,Buddy,Bartoszek,1988-03-23T01:30:49Z,M,bbartoszeklk@mayoclinic.com,44 Prairieview Drive
778,Anthony,Mossman,1990-12-24T14:51:31Z,M,amossmanll@archive.org,318 Lawn Drive
779,Emiline,MacCleod,1989-10-12T19:52:39Z,F,emaccleodlm@google.es,79640 Crescent Oaks Terrace
780,Anetta,Croote,1986-05-19T21:43:51Z,F,acrooteln@mozilla.org,0 Meadow Vale Junction
781,Mac,Hansill,2000-10-09T22:44:54Z,M,mhansilllo@bizjournals.com,07345 Grasskamp Street
782,Vaughn,Commucci,1997-11-28T07:41:57Z,M,vcommuccilp@last.fm,3154 Corry Court
783,Roselin,Cherry,1997-05-31T09:41:01Z,F,rcherrylq@google.pl,7 Donald Avenue
784,Rafi,O' Shea,1984-01-22T13:02:43Z,M,roshealr@nasa.gov,855 Judy Crossing
785,Ki,Crisp,1987-04-08T22:07:38Z,F,kcrispls@list-manage.com,96 Lakewood Crossing
786,Milzie,Grattan,1988-08-16T13:19:07Z,F,mgrattanlt@usa.gov,44 Sachtjen Circle
787,Carmella,O'Siaghail,1996-04-16T04:29:04Z,F,cosiaghaillu@gizmodo.com,4768 Muir Drive
788,Margette,Verzey,1996-06-09T13:08:18Z,F,mverzeylv@theguardian.com,6442 Fremont Center
789,Mel,Le Floch,1999-02-13T08:32:46Z,M,mleflochlw@360.cn,07343 Hoepker Park
790,Jannel,Mixworthy,1984-02-15T21:47:42Z,F,jmixworthylx@cornell.edu,57966 Maryland Junction
791,Lutero,Feaks,1985-01-10T20:46:49Z,M,lfeaksly@bloglovin.com,438 Mifflin Center
792,Donny,Culvey,1982-03-11T14:48:57Z,M,dculveylz@slideshare.net,72910 Memorial Park
793,Kimberlyn,Holywell,1991-08-01T18:23:27Z,F,kholywellm0@ustream.tv,08566 Stone Corner Junction
794,Ceil,Cellone,1998-12-07T12:25:42Z,F,ccellonem1@baidu.com,01 Burrows Street
795,Moll,Driuzzi,1995-02-19T21:04:14Z,F,mdriuzzim2@amazon.co.jp,871 Hovde Parkway
796,Milly,Spoure,1990-03-01T00:37:16Z,F,mspourem3@paypal.com,1 Arapahoe Center
797,Russ,Drewson,1988-03-02T14:29:40Z,M,rdrewsonm4@usa.gov,53 Melby Drive
798,Kerry,Densham,1995-10-19T12:18:15Z,M,kdenshamm5@ow.ly,2 Fallview Alley
799,Tedra,McKeevers,1985-10-10T16:56:27Z,F,tmckeeversm6@sun.com,51440 Atwood Crossing
800,Murray,Arnott,1995-03-01T02:58:49Z,M,marnottm7@smh.com.au,085 Merchant Place
801,Darb,MacVaugh,1999-06-25T01:34:27Z,M,dmacvaughm8@ow.ly,1 Melrose Junction
802,Mercy,Rough,1985-10-02T17:24:15Z,F,mroughm9@uol.com.br,5797 Basil Circle
803,Ev,Speenden,1992-02-07T10:42:54Z,M,espeendenma@mapquest.com,4 Kropf Junction
804,Kimberly,Menhenitt,1995-06-29T18:34:47Z,F,kmenhenittmb@dell.com,4 Summit Plaza
805,Cyndia,Kedge,1984-03-01T13:09:12Z,F,ckedgemc@artisteer.com,66 Melrose Hill
806,Sheba,Doman,1986-09-01T15:24:13Z,F,sdomanmd@hhs.gov,86499 Anniversary Court
807,Bel,A'field,1998-10-10T19:11:09Z,F,bafieldme@dagondesign.com,1996 Oakridge Pass
808,Sanderson,Bundey,1985-12-25T04:57:55Z,M,sbundeymf@upenn.edu,589 Ramsey Way
809,Barnabe,Geipel,1983-02-05T00:41:15Z,M,bgeipelmg@sourceforge.net,7 3rd Park
810,Hermia,Stanlike,1993-01-22T21:24:42Z,F,hstanlikemh@google.pl,2 Hoepker Terrace
811,Mirabella,Russel,1992-03-26T18:27:06Z,F,mrusselmi@loc.gov,2259 Magdeline Park
812,Nevsa,Burchfield,1986-04-18T08:15:20Z,F,nburchfieldmj@aboutads.info,2322 Brentwood Crossing
813,Drew,Dackombe,1990-10-13T00:22:52Z,M,ddackombemk@mapy.cz,8530 Hudson Drive
814,Gerard,Boldt,1982-10-23T04:55:38Z,M,gboldtml@nbcnews.com,1 Ludington Circle
815,Florida,Brendish,1999-04-16T10:06:58Z,F,fbrendishmm@ed.gov,66 Lighthouse Bay Pass
816,Yankee,Grunnell,1988-06-16T12:24:46Z,M,ygrunnellmn@engadget.com,74 Dayton Court
817,Rowan,Hain,1995-01-08T01:02:00Z,M,rhainmo@webeden.co.uk,387 Bunker Hill Road
818,Matthiew,Million,1998-11-14T23:57:11Z,M,mmillionmp@squidoo.com,844 Barby Avenue
819,Arlen,Gillean,1994-01-02T13:53:34Z,M,agilleanmq@paypal.com,54566 Namekagon Lane
820,Tabbie,Forre,1987-01-09T22:09:56Z,M,tforremr@soup.io,12294 Hollow Ridge Trail
821,Alberto,Playford,1981-02-07T03:31:50Z,M,aplayfordms@surveymonkey.com,9497 Doe Crossing Center
822,Artemus,Pieche,1990-07-16T14:27:42Z,M,apiechemt@cocolog-nifty.com,438 Emmet Pass
823,Deedee,Discombe,1990-11-10T05:47:11Z,F,ddiscombemu@google.de,94297 Haas Junction
824,Rosamond,Botcherby,1988-08-08T21:48:33Z,F,rbotcherbymv@mysql.com,88432 Dovetail Alley
825,Hilliard,Klampt,1985-04-25T03:43:32Z,M,hklamptmw@pbs.org,6 Lyons Center
826,Ebenezer,Meegin,1989-03-07T23:52:55Z,M,emeeginmx@hatena.ne.jp,3561 Rigney Point
827,Odelinda,Merrill,1993-08-18T20:27:04Z,F,omerrillmy@pagesperso-orange.fr,66 Summit Alley
828,Clywd,Brandts,1982-03-29T11:16:24Z,M,cbrandtsmz@yandex.ru,5414 Katie Terrace
829,Paulo,Banfield,1984-02-25T08:54:13Z,M,pbanfieldn0@jiathis.com,4 Arkansas Parkway
830,Giacopo,Johannes,1999-12-22T18:07:47Z,M,gjohannesn1@cafepress.com,98 Mallory Center
831,Tris,Camilio,1981-10-28T06:08:40Z,M,tcamilion2@taobao.com,15 Pleasure Trail
832,Elana,Kencott,1994-01-19T14:17:41Z,F,ekencottn3@vk.com,5361 Dovetail Road
833,Maxie,Yakunin,1982-02-16T01:24:31Z,M,myakuninn4@state.gov,87 Kings Avenue
834,Erminie,Pace,1982-02-06T19:45:33Z,F,epacen5@utexas.edu,6 Cascade Trail
835,Hodge,Trainer,1993-02-14T15:16:36Z,M,htrainern6@php.net,580 Hollow Ridge Court
836,Paddie,Leyden,1997-05-24T00:45:22Z,M,pleydenn7@goo.ne.jp,849 Brentwood Plaza
837,Charlotte,Stoddart,1988-04-07T08:54:05Z,F,cstoddartn8@tinypic.com,4 Loftsgordon Circle
838,Hanson,Nunan,1983-04-02T17:37:59Z,M,hnunann9@hostgator.com,1688 Stoughton Lane
839,Lola,Mullis,1995-03-28T06:21:12Z,F,lmullisna@usda.gov,61 Northland Drive
840,Otho,Taffee,1992-10-01T12:55:13Z,M,otaffeenb@twitter.com,35 Dwight Crossing
841,Betta,Yorkston,2000-06-15T13:09:35Z,F,byorkstonnc@yellowbook.com,9502 Riverside Way
842,Christie,Tomkinson,1999-07-10T12:40:02Z,F,ctomkinsonnd@dagondesign.com,236 Linden Road
843,Pren,Chaudret,1984-03-02T17:13:11Z,M,pchaudretne@narod.ru,6 Maryland Point
844,Morry,Paulack,1992-11-11T04:01:24Z,M,mpaulacknf@facebook.com,6811 Parkside Pass
845,Gertrudis,Poulden,2000-05-23T17:38:37Z,F,gpouldenng@123-reg.co.uk,98500 Sundown Place
846,Nickola,Fowgies,1990-11-17T14:58:23Z,M,nfowgiesnh@typepad.com,2809 Havey Way
847,Klara,Tuther,1991-07-26T22:14:46Z,F,ktutherni@foxnews.com,24405 Grasskamp Point
848,Dorine,Rois,1988-12-05T16:09:03Z,F,droisnj@intel.com,24 Duke Point
849,Lina,Clewes,2000-05-03T06:10:38Z,F,lclewesnk@blogspot.com,96336 Utah Park
850,Sandy,Mullen,2000-02-12T21:40:24Z,M,smullennl@columbia.edu,5 Farragut Trail
851,Janina,Elnaugh,1988-02-01T11:48:05Z,F,jelnaughnm@rambler.ru,28 Schiller Circle
852,Phylys,Birtwhistle,1985-02-05T09:30:27Z,F,pbirtwhistlenn@redcross.org,635 Garrison Junction
853,Holden,Baddeley,1994-01-22T17:39:04Z,M,hbaddeleyno@timesonline.co.uk,3480 Brickson Park Park
854,Cassie,Swateridge,1994-11-17T04:05:00Z,F,cswateridgenp@patch.com,6 Myrtle Park
855,Gerardo,Conerding,1982-07-12T11:01:33Z,M,gconerdingnq@pinterest.com,58 Monterey Alley
856,Coralie,McTavy,1987-11-16T01:07:44Z,F,cmctavynr@blogtalkradio.com,71333 Clarendon Circle
857,Erroll,Hafford,2000-01-06T18:05:22Z,M,ehaffordns@cnet.com,050 Dorton Lane
858,Henka,Cawley,1989-03-20T09:59:39Z,F,hcawleynt@tinyurl.com,5235 Hudson Park
859,Kendre,Colson,1989-11-13T20:42:05Z,F,kcolsonnu@mit.edu,07267 Montana Lane
860,Xena,Widdicombe,1981-08-24T09:54:26Z,F,xwiddicombenv@uol.com.br,4 Stone Corner Court
861,Joycelin,Pickaver,1985-02-12T20:07:39Z,F,jpickavernw@gravatar.com,6 Fuller Drive
862,Dreddy,Layhe,1999-09-28T16:46:18Z,F,dlayhenx@wufoo.com,56 6th Pass
863,Dreddy,Oriel,1980-11-21T17:07:39Z,F,dorielny@sakura.ne.jp,9 Havey Junction
864,Dicky,Falconar,1983-11-13T17:28:13Z,M,dfalconarnz@techcrunch.com,46774 Summit Way
865,Hadleigh,Cockshtt,1999-11-14T14:37:11Z,M,hcockshtto0@is.gd,62976 Merchant Avenue
866,Sarajane,Iori,1988-07-05T06:51:54Z,F,siorio1@dyndns.org,10639 Bashford Plaza
867,Annecorinne,Heminsley,1991-11-29T12:58:47Z,F,aheminsleyo2@mail.ru,42856 Sunnyside Plaza
868,Gerrard,Richmond,1984-02-25T07:46:42Z,M,grichmondo3@tuttocitta.it,5491 Ruskin Drive
869,Iago,Bails,1990-03-02T09:30:52Z,M,ibailso4@linkedin.com,026 Hansons Hill
870,Beverly,Jellicorse,1991-07-25T19:08:03Z,F,bjellicorseo5@marriott.com,92 Pleasure Crossing
871,Lotta,Emms,1999-01-20T05:03:47Z,F,lemmso6@hud.gov,37338 Oak Valley Parkway
872,Charles,Kalb,1993-11-17T16:30:59Z,M,ckalbo7@moonfruit.com,6 Brentwood Street
873,Ainslie,Oliphand,1988-07-21T10:20:59Z,F,aoliphando8@cisco.com,9173 Banding Center
874,Gabriele,Bedward,1989-08-04T00:57:35Z,M,gbedwardo9@omniture.com,28 Scofield Way
875,Davina,Dionisetto,1989-05-25T07:50:09Z,F,ddionisettooa@booking.com,50 Novick Drive
876,Rosabelle,De Gouy,1994-04-04T06:41:19Z,F,rdegouyob@wordpress.org,4246 Glacier Hill Hill
877,Aloise,Pendrill,1999-12-15T13:09:55Z,F,apendrilloc@columbia.edu,31913 2nd Drive
878,Iorgo,Comsty,1989-11-25T15:58:51Z,M,icomstyod@vkontakte.ru,70 Monterey Center
879,Garvin,Grogor,1996-12-17T06:39:29Z,M,ggrogoroe@drupal.org,01 Ludington Junction
880,Grover,Pasterfield,1987-03-13T04:14:30Z,M,gpasterfieldof@cocolog-nifty.com,914 Anderson Alley
881,Selene,Hambidge,1984-07-04T03:09:50Z,F,shambidgeog@washington.edu,0 Marcy Alley
882,Farly,Kliemchen,1995-01-30T15:19:36Z,M,fkliemchenoh@eventbrite.com,487 Thierer Junction
883,Laurence,Bettaney,1991-09-19T12:48:35Z,M,lbettaneyoi@geocities.jp,41 Scoville Plaza
884,Jacinda,Duprey,1980-12-07T12:33:55Z,F,jdupreyoj@yale.edu,821 Sugar Plaza
885,Dorey,Guesford,1997-07-28T10:57:01Z,M,dguesfordok@amazon.de,3563 Maywood Drive
886,Todd,Fosberry,1985-11-05T03:56:59Z,M,tfosberryol@umich.edu,52445 Shasta Place
887,Gibbie,Elliston,1994-04-30T23:26:14Z,M,gellistonom@gmpg.org,19047 Pleasure Drive
888,Ilyse,Dumbare,1992-09-15T17:41:23Z,F,idumbareon@cpanel.net,37423 Muir Crossing
889,Laina,Titterell,2000-01-18T14:55:48Z,F,ltitterelloo@rakuten.co.jp,34484 Manley Park
890,Pammy,Al Hirsi,1987-09-20T00:04:57Z,F,palhirsiop@rambler.ru,338 Weeping Birch Avenue
891,Sidonnie,Matissoff,1994-04-25T17:33:12Z,F,smatissoffoq@illinois.edu,74 Calypso Center
892,Steffen,Marflitt,1994-11-10T05:13:45Z,M,smarflittor@topsy.com,0 Vidon Junction
893,Guthry,Narducci,1991-06-04T06:49:46Z,M,gnarduccios@ovh.net,69 Summerview Circle
894,Barnebas,Hulburd,2000-04-05T15:54:03Z,M,bhulburdot@behance.net,17 Saint Paul Trail
895,Glori,Robbey,2000-01-13T10:12:15Z,F,grobbeyou@zimbio.com,011 Reindahl Pass
896,Brand,Masterson,1987-05-01T22:09:18Z,M,bmastersonov@vkontakte.ru,4112 Eggendart Junction
897,Adan,Bletsor,1998-12-17T23:04:15Z,F,abletsorow@cocolog-nifty.com,27502 Barnett Street
898,Audi,Ciccotti,1993-08-31T22:41:48Z,F,aciccottiox@blogs.com,84776 Carey Terrace
899,Aldo,Carrier,1982-12-23T02:06:06Z,M,acarrieroy@altervista.org,655 Moulton Court
900,Gaylene,Jeandot,1988-03-27T03:56:45Z,F,gjeandotoz@senate.gov,71103 Eliot Point
901,Mag,Corten,1991-01-06T03:17:01Z,F,mcortenp0@vimeo.com,3894 Amoth Alley
902,Flemming,Kerwick,1998-10-13T05:48:17Z,M,fkerwickp1@mapquest.com,0 Bellgrove Parkway
903,Daniel,Hall-Gough,1985-03-28T16:50:43Z,M,dhallgoughp2@uol.com.br,186 Buena Vista Plaza
904,Carolann,Crecy,1987-11-23T01:15:38Z,F,ccrecyp3@usatoday.com,34196 Harbort Trail
905,Adorne,Prium,1981-05-08T21:09:06Z,F,apriump4@lulu.com,427 Fieldstone Court
906,Humphrey,Bowfin,1996-12-28T07:07:37Z,M,hbowfinp5@example.com,5 Londonderry Crossing
907,Bat,Bennit,1984-05-01T10:17:09Z,M,bbennitp6@canalblog.com,2799 Graedel Drive
908,Heinrik,Prendergrass,1990-02-15T03:05:32Z,M,hprendergrassp7@bravesites.com,55455 Coolidge Place
909,Chris,Swanwick,1988-12-09T22:02:09Z,F,cswanwickp8@github.com,5 Charing Cross Center
910,Bret,Scrimgeour,1989-10-21T18:34:45Z,M,bscrimgeourp9@tiny.cc,4 Alpine Road
911,Sheridan,Deniso,2000-10-16T15:50:59Z,M,sdenisopa@si.edu,864 Kennedy Terrace
912,Catherina,Capner,1992-03-17T19:43:55Z,F,ccapnerpb@exblog.jp,466 Sommers Lane
913,Gardner,Tsar,1994-09-09T11:28:15Z,M,gtsarpc@scientificamerican.com,318 Magdeline Junction
914,Aloysius,Blodgetts,1999-05-13T12:42:55Z,M,ablodgettspd@quantcast.com,759 Fieldstone Hill
915,Cletis,Pyrke,1985-09-28T02:33:56Z,M,cpyrkepe@mlb.com,319 Scott Parkway
916,Augusta,Darell,2000-03-25T09:54:28Z,F,adarellpf@networkadvertising.org,284 Leroy Center
917,Meara,Boot,1989-11-30T13:58:34Z,F,mbootpg@amazonaws.com,6 Sugar Avenue
918,Karen,Gillford,1982-03-19T09:24:13Z,F,kgillfordph@nifty.com,870 Declaration Alley
919,Milty,Snoday,1982-06-12T08:43:06Z,M,msnodaypi@noaa.gov,490 Spohn Hill
920,Grannie,Georges,1983-06-04T08:02:17Z,M,ggeorgespj@nhs.uk,65 Pine View Point
921,Isidro,Oakwell,1996-12-19T20:18:20Z,M,ioakwellpk@nhs.uk,645 Ridgeway Court
922,Robinson,Lente,1993-05-15T11:26:13Z,M,rlentepl@mapy.cz,4 Veith Way
923,Tan,Brugemann,1996-03-13T02:12:19Z,M,tbrugemannpm@bloglovin.com,7688 Ramsey Parkway
924,Mattheus,Booty,1988-11-13T21:36:56Z,M,mbootypn@wp.com,9310 Melrose Parkway
925,Rhodie,Aizic,1982-10-08T03:13:40Z,F,raizicpo@independent.co.uk,8 Harbort Road
926,Mendy,Rowly,1993-10-08T05:15:41Z,M,mrowlypp@wordpress.com,55921 Hollow Ridge Hill
927,George,Batts,1992-02-08T21:27:20Z,M,gbattspq@theguardian.com,9584 Gateway Lane
928,Ragnar,Usmar,1982-11-25T07:11:07Z,M,rusmarpr@omniture.com,1 Jana Lane
929,Chelsae,Fahrenbacher,1982-01-22T01:45:42Z,F,cfahrenbacherps@nbcnews.com,6750 Loeprich Way
930,Sully,Skeats,1999-08-26T05:27:10Z,M,sskeatspt@netlog.com,07 Corben Lane
931,Enrika,Spera,1990-03-06T07:49:47Z,F,esperapu@people.com.cn,6636 Hoard Circle
932,Krishna,Zaczek,1996-04-29T10:51:16Z,M,kzaczekpv@pagesperso-orange.fr,394 Loomis Lane
933,Guillermo,Whillock,1993-02-27T04:51:25Z,M,gwhillockpw@va.gov,344 Hermina Point
934,Lotty,Mackerel,1991-07-24T03:52:30Z,F,lmackerelpx@discuz.net,39624 Kipling Street
935,Abigael,Castelot,1995-04-26T10:39:20Z,F,acastelotpy@sbwire.com,85963 Atwood Alley
936,Magda,Bebbington,1993-02-02T12:17:49Z,F,mbebbingtonpz@qq.com,3445 Maple Wood Center
937,Lamont,Finey,1987-05-18T08:34:16Z,M,lfineyq0@reference.com,39 West Crossing
938,Alexio,O'Halligan,1981-08-14T07:43:55Z,M,aohalliganq1@gravatar.com,22 Center Place
939,Darla,Hazleton,1994-03-13T10:53:50Z,F,dhazletonq2@umich.edu,79 Daystar Point
940,Claybourne,Tabourin,1997-12-30T01:32:45Z,M,ctabourinq3@imgur.com,86 Tomscot Point
941,Northrop,Eldin,1999-09-20T17:32:03Z,M,neldinq4@auda.org.au,9139 Pleasure Park
942,Dusty,Dosdill,1999-03-28T02:27:13Z,F,ddosdillq5@rediff.com,1885 Goodland Place
943,Nev,Tawse,1999-11-01T22:15:57Z,M,ntawseq6@state.tx.us,1229 Thompson Circle
944,Neddy,Nursey,1981-02-07T00:51:01Z,M,nnurseyq7@networksolutions.com,66568 Golf Course Trail
945,Miquela,Trunkfield,1994-05-10T14:10:26Z,F,mtrunkfieldq8@dedecms.com,07148 American Ash Avenue
946,Hannis,Espie,1985-10-23T16:54:53Z,F,hespieq9@360.cn,7 Lukken Point
947,Bathsheba,Breming,1996-12-10T09:12:11Z,F,bbremingqa@comcast.net,47 Shelley Trail
948,Ahmad,Futcher,1984-10-08T23:56:50Z,M,afutcherqb@berkeley.edu,1292 Fremont Junction
949,Celestine,Halworth,1986-08-12T02:41:35Z,F,chalworthqc@sbwire.com,4066 Bartelt Hill
950,Benedict,Doherty,1999-05-02T17:09:22Z,M,bdohertyqd@dagondesign.com,3 Bartelt Park
951,Charla,Bollin,1983-11-18T04:43:13Z,F,cbollinqe@blogtalkradio.com,64 Dawn Lane
952,Giraldo,Langeren,1994-01-01T08:07:04Z,M,glangerenqf@mit.edu,834 Moose Junction
953,Ashlin,Stanmer,1992-01-18T15:14:50Z,M,astanmerqg@walmart.com,89749 4th Place
954,Claudina,Crome,1994-03-31T11:12:37Z,F,ccromeqh@shop-pro.jp,97 Laurel Alley
955,Nappy,Meriet,1989-09-15T04:08:14Z,M,nmerietqi@dagondesign.com,303 Huxley Junction
956,Regina,Lamond,1998-10-20T05:53:24Z,F,rlamondqj@yahoo.co.jp,39463 Esch Hill
957,Karilynn,Jura,1984-05-18T11:36:56Z,F,kjuraqk@loc.gov,21 Southridge Trail
958,Catherin,Nears,1988-05-27T06:53:06Z,F,cnearsql@google.ca,3 Talmadge Drive
959,Dionne,Tatterton,1997-01-29T21:37:11Z,F,dtattertonqm@howstuffworks.com,342 Columbus Road
960,Titus,Dinneges,1996-11-04T21:23:00Z,M,tdinnegesqn@ihg.com,7 Park Meadow Crossing
961,Welch,Hutcheon,2000-03-26T05:06:55Z,M,whutcheonqo@smh.com.au,22 Drewry Hill
962,Marlee,Treverton,1989-03-30T18:46:54Z,F,mtrevertonqp@foxnews.com,4441 North Parkway
963,Britni,Reach,1983-01-08T11:08:49Z,F,breachqq@storify.com,6949 Miller Trail
964,Natalina,Glennie,1994-01-16T17:22:37Z,F,nglennieqr@odnoklassniki.ru,95418 Mendota Trail
965,Pierce,Kolushev,1983-07-28T01:31:19Z,M,pkolushevqs@globo.com,57 Hooker Park
966,Corbin,Ogley,1984-06-17T10:21:23Z,M,cogleyqt@jalbum.net,29222 Dakota Drive
967,Duky,Berardt,1985-08-03T11:09:16Z,M,dberardtqu@whitehouse.gov,51 Sommers Circle
968,Sax,Holston,1981-02-17T03:02:16Z,M,sholstonqv@nature.com,516 Sage Street
969,Kerk,Von Salzberg,1992-07-29T19:50:42Z,M,kvonsalzbergqw@gnu.org,47728 Westridge Lane
970,Ellissa,Bulle,1992-06-16T17:53:54Z,F,ebulleqx@linkedin.com,69 Bay Way
971,Alicea,Halward,1983-10-19T22:39:17Z,F,ahalwardqy@forbes.com,3968 Moulton Court
972,Leigh,Venable,1987-01-22T00:45:55Z,M,lvenableqz@wisc.edu,044 Garrison Alley
973,Park,McKintosh,1980-12-08T09:17:33Z,M,pmckintoshr0@dell.com,6156 Kedzie Circle
974,Durante,Chastang,1983-12-08T00:35:25Z,M,dchastangr1@sciencedirect.com,8613 Hallows Road
975,Nappie,Feldmus,1993-12-09T11:14:47Z,M,nfeldmusr2@networksolutions.com,97289 Scoville Trail
976,Kaleena,Ivers,2000-01-30T00:43:12Z,F,kiversr3@mac.com,9 Ohio Road
977,Adelbert,Nuss,1984-12-04T09:55:12Z,M,anussr4@seattletimes.com,33654 Farwell Junction
978,Roy,Nabbs,1983-03-26T10:56:27Z,M,rnabbsr5@goo.gl,25 Swallow Hill
979,Engelbert,Seiter,1987-10-14T07:18:27Z,M,eseiterr6@about.com,8 Artisan Way
980,Tomaso,Brighty,1999-03-23T15:00:05Z,M,tbrightyr7@vistaprint.com,6414 Burning Wood Alley
981,Nara,Sowthcote,1981-12-27T08:39:46Z,F,nsowthcoter8@ebay.com,33 Twin Pines Crossing
982,Dougy,Duchasteau,1998-11-19T01:33:52Z,M,dduchasteaur9@devhub.com,72518 Mendota Hill
983,Honoria,Pizzey,1981-11-28T20:04:46Z,F,hpizzeyra@delicious.com,9 Tennessee Parkway
984,Jenda,Muehle,1999-01-04T05:39:09Z,F,jmuehlerb@aol.com,1 Northfield Street
985,Dynah,Laba,1996-10-13T11:39:40Z,F,dlabarc@unicef.org,98 Scoville Junction
986,Kurtis,Wiltshier,1992-10-21T11:17:12Z,M,kwiltshierrd@google.co.uk,79619 Autumn Leaf Center
987,Kristal,Scurrey,1981-10-31T13:10:18Z,F,kscurreyre@sogou.com,0967 Raven Center
988,Jaimie,Fairfoot,1996-12-15T15:45:56Z,M,jfairfootrf@walmart.com,7555 Hanover Court
989,Inglis,O'Lunny,1996-08-31T03:05:58Z,M,iolunnyrg@cisco.com,943 Everett Crossing
990,Wadsworth,Jindrich,1996-12-23T15:58:58Z,M,wjindrichrh@yelp.com,3 Ilene Court
991,Franni,Castagnet,1997-08-02T15:53:13Z,F,fcastagnetri@gmpg.org,3122 Mcguire Circle
992,Nealy,Burgin,1998-06-25T05:18:30Z,M,nburginrj@vimeo.com,01 Washington Junction
993,Nadean,Rummin,2000-04-13T03:27:40Z,F,nrumminrk@pen.io,41 Hermina Plaza
994,Jervis,Thomazin,1990-05-07T13:20:39Z,M,jthomazinrl@domainmarket.com,0 Westerfield Alley
995,Antonietta,Elfleet,1996-10-29T12:57:41Z,F,aelfleetrm@netlog.com,04510 Warner Junction
996,Isidro,Haw,1986-12-27T02:20:59Z,M,ihawrn@constantcontact.com,6257 Fieldstone Road
997,Janetta,Longland,1995-01-17T15:18:14Z,F,jlonglandro@mtv.com,6 Oriole Circle
998,Burty,MacKim,1993-01-11T14:01:38Z,M,bmackimrp@wikispaces.com,380 Elmside Center
999,Stevie,Steer,1998-11-05T03:56:43Z,M,ssteerrq@columbia.edu,8 Mosinee Alley
1000,Gal,Messenger,1999-10-05T08:41:53Z,M,gmessengerrr@yahoo.com,12 Texas Park
